original_index,arxiv_id,extracted_authors,extracted_affiliations,extracted_countries,first_author_country
0,2501.00089,"[""John F. Wu""]","[""Space Telescope Science Institute, 3700 San Martin Dr, Baltimore, MD 21218; Department of Physics & Astronomy, Johns Hopkins University, 3400 N Charles St, Baltimore, MD 21218; Department of Computer Science, Johns Hopkins University, 3400 N Charles St, Baltimore, MD 21218""]","[""USA""]",USA
1,2501.12788,"[""Patrick O'Neill"", ""Adam Ingram"", ""Edward Nathan"", ""Guglielmo Mastroserio"", ""Michiel van der Klis"", ""Matteo Lucchini"", ""Jake Mitchell""]","[""School of Mathematics, Statistics and Physics, Newcastle University, Herschel Building, Newcastle-upon-Tyne, NE1 7RU, UK"", ""School of Mathematics, Statistics and Physics, Newcastle University, Herschel Building, Newcastle-upon-Tyne, NE1 7RU, UK"", ""California Institute of Technology, Pasadena, CA 91125, USA"", ""Dipartimento di Fisica, Universit`a degli Studi di Milano, Via Celoria 16, I-20133 Milano, Italy"", ""Anton Pannekoek Institute for Astronomy, University of Amsterdam, Science Park 904, 1098 XH Amsterdam, The Netherlands"", ""Anton Pannekoek Institute for Astronomy, University of Amsterdam, Science Park 904, 1098 XH Amsterdam, The Netherlands"", ""School of Mathematics, Statistics and Physics, Newcastle University, Herschel Building, Newcastle-upon-Tyne, NE1 7RU, UK; Leibniz-Institut f\""ur Astrophysik Potsdam (AIP), An der Sternwarte 16, 14482 Potsdam, Germany""]","[""UK"", ""UK"", ""USA"", ""Italy"", ""Netherlands"", ""Netherlands"", ""UK; Germany""]",UK
2,2501.12781,"[""G. Peron"", ""G. Morlino"", ""S. Gabici"", ""E. Amato""]","[""Istituto Nazionale di Astrofisica -- Osservatorio Astrofisico di Arcetri, Largo Enrico Fermi 5, 50125, Firenze, Italy"", ""Istituto Nazionale di Astrofisica -- Osservatorio Astrofisico di Arcetri, Largo Enrico Fermi 5, 50125, Firenze, Italy"", ""Universit\u00c3\u00a9 de Paris, CNRS, Astroparticule et Cosmologie F-75013 Paris, France"", ""Istituto Nazionale di Astrofisica -- Osservatorio Astrofisico di Arcetri, Largo Enrico Fermi 5, 50125, Firenze, Italy""]","[""Italy"", ""Italy"", ""France"", ""Italy""]",Italy
3,2501.12767,"[""G. Peron"", ""G. Morlino"", ""S. Gabici"", ""E. Amato""]","[""Istituto Nazionale di Astrofisica -- Osservatorio Astrofisico di Arcetri, Largo Enrico Fermi 5, 50125, Firenze, Italy"", ""Istituto Nazionale di Astrofisica -- Osservatorio Astrofisico di Arcetri, Largo Enrico Fermi 5, 50125, Firenze, Italy"", ""Universit\u00c3\u00a9 de Paris, CNRS, Astroparticule et Cosmologie F-75013 Paris, France"", ""Istituto Nazionale di Astrofisica -- Osservatorio Astrofisico di Arcetri, Largo Enrico Fermi 5, 50125, Firenze, Italy""]","[""Italy"", ""Italy"", ""France"", ""Italy""]",Italy
4,2501.12760,"[""Jie Liu"", ""Zhi Li"", ""Juntai Shen""]","[""Shanghai Astronomical Observatory, Chinese Academy of Sciences, 80 Nandan Road, Shanghai 200030, P.R. China; School of Astronomy and Space Sciences, University of Chinese Academy of Sciences, 19A Yuquan Road, Beijing 100049, P.R. China"", ""Shanghai Key Lab for Astrophysics, Shanghai Normal University, 100 Guilin Road, Shanghai 200234, People's Republic of China; Department of Astronomy, School of Physics and Astronomy, Shanghai Jiao Tong University, 800 Dongchuan Road, Shanghai 200240, People's Republic of China"", ""Department of Astronomy, School of Physics and Astronomy, Shanghai Jiao Tong University, 800 Dongchuan Road, Shanghai 200240, People's Republic of China; Key Laboratory for Particle Astrophysics and Cosmology (MOE) / Shanghai Key Laboratory for Particle Physics and Cosmology, Shanghai 200240, People's Republic of China""]","[""China"", ""China"", ""China""]",China
5,2501.12758,"[""Xiaolong He"", ""Guoliang L\""{u}"", ""Chunhua Zhu"", ""Lin Li"", ""Helei Liu"", ""Sufen Guo"", ""Xizhen Lu"", ""Lei Li"", ""Hao Wang""]","[""School of Physical Science and Technology, Xinjiang University, Urumqi 830046, People's Republic of China; Xinjiang Astronomical Observatory, Chinese Academy of Science, 150 Science 1-Street, Urumqi 830011, People\u00ca\u00bcs Republic of China"", ""School of Physical Science and Technology, Xinjiang University, Urumqi 830046, People's Republic of China; Xinjiang Astronomical Observatory, Chinese Academy of Science, 150 Science 1-Street, Urumqi 830011, People\u00ca\u00bcs Republic of China"", ""School of Physical Science and Technology, Xinjiang University, Urumqi 830046, People's Republic of China; Xinjiang Astronomical Observatory, Chinese Academy of Science, 150 Science 1-Street, Urumqi 830011, People\u00ca\u00bcs Republic of China"", ""School of Physical Science and Technology, Xinjiang University, Urumqi 830046, People's Republic of China"", ""School of Physical Science and Technology, Xinjiang University, Urumqi 830046, People's Republic of China"", ""School of Physical Science and Technology, Xinjiang University, Urumqi 830046, People's Republic of China"", ""School of Physical Science and Technology, Xinjiang University, Urumqi 830046, People's Republic of China"", ""School of Physical Science and Technology, Xinjiang University, Urumqi 830046, People's Republic of China"", ""School of Physical Science and Technology, Xinjiang University, Urumqi 830046, People's Republic of China""]","[""China"", ""China"", ""China"", ""China"", ""China"", ""China"", ""China"", ""China"", ""China""]",China
6,2501.12757,"[""C. Martin Gaskell""]","[""Department of Astronomy and Astrophysics, University of California, Santa Cruz, CA 95064""]","[""USA""]",USA
7,2501.12743,"[""G. Castell\u00f3"", ""M. Luna"", ""J. Terradas""]","[""Departament de F\u00edsica, Universitat de les Illes Balears (UIB), E-07122 Palma de Mallorca, Spain; Institute of Applied Computing & Community Code (IAC3), UIB, E-07122 Palma de Mallorca, Spain"", ""Departament de F\u00edsica, Universitat de les Illes Balears (UIB), E-07122 Palma de Mallorca, Spain; Institute of Applied Computing & Community Code (IAC3), UIB, E-07122 Palma de Mallorca, Spain"", ""Departament de F\u00edsica, Universitat de les Illes Balears (UIB), E-07122 Palma de Mallorca, Spain; Institute of Applied Computing & Community Code (IAC3), UIB, E-07122 Palma de Mallorca, Spain""]","[""Spain"", ""Spain"", ""Spain""]",Spain
8,2501.12734,"[""Piyush Sharda"", ""Shyam H. Menon"", ""Roman Gerasimov"", ""Volker Bromm"", ""Blakesley Burkhart"", ""Lionel Haemmerl\u00c3\u00a9"", ""Lisanne van Veenen"", ""Benjamin D. Wibking""]","[""Leiden Observatory, Leiden University, P.O. Box 9513, 2300 RA Leiden, The Netherlands"", ""Department of Physics and Astronomy, Rutgers University, Piscataway, NJ 08854, USA; Center for Computational Astrophysics, Flatiron Institute, New York, NY 10010, USA"", ""Department of Physics and Astronomy, University of Notre Dame, Notre Dame, IN 46556, USA"", ""Department of Astronomy, University of Texas, Austin, TX 78712, USA; Weinberg Institute for Theoretical Physics, University of Texas, Austin, TX 78712, USA"", ""Department of Physics and Astronomy, Rutgers University, Piscataway, NJ 08854, USA; Center for Computational Astrophysics, Flatiron Institute, New York, NY 10010, USA"", ""Department of Astronomy, University of Geneva, CH-1290 Versoix, Switzerland"", ""Leiden Observatory, Leiden University, P.O. Box 9513, 2300 RA Leiden, The Netherlands"", ""Department of Physics and Astronomy, Michigan State University, East Lansing, MI 48824, USA""]","[""Netherlands"", ""USA"", ""USA"", ""USA"", ""USA"", ""Switzerland"", ""Netherlands"", ""USA""]",Netherlands
9,2501.12719,"[""Riccardo Ferrazzoli""]","[""INAF Istituto di Astrofisica e Planetologia Spaziali, Via del Fosso del Cavaliere 100, 00133 Roma, Italy""]","[""Italy""]",Italy
10,2501.12716,"[""F. Cantalloube"", ""D. Barret"", ""M. Bouffard"", ""P. Hennebelle"", ""J. Milli"", ""F. Malbet"", ""A. Santerne"", ""N. Fargette"", ""S. Bontemps"", ""C. Moutou"", ""A. Mouini\u00c3\u00a9"", ""H. M\u00c3\u00a9heut"", ""A. Saint-Martin"", ""A. Hardy""]","[""Univ. Grenoble Alpes, CNRS, IPAG, F-38000 Grenoble, France"", ""IRAP, Universit\u00c3\u00a9 de Toulouse, CNRS, CNES, UT3-PS, Toulouse, France"", ""Laboratoire de Plan\u00c3\u00a9tologie et G\u00c3\u00a9osciences, CNRS UMR 6112, Nantes Universit\u00c3\u00a9, Universit\u00c3\u00a9 d'Angers, Le Mans Universit\u00c3\u00a9, Nantes, France"", ""Universit\u00c3\u00a9 Paris-Saclay, Universit\u00c3\u00a9 Paris Cit\u00c3\u00a9, CEA, CNRS, AIM, 91191, Gif-sur-Yvette, France"", ""Univ. Grenoble Alpes, CNRS, IPAG, F-38000 Grenoble, France"", ""Univ. Grenoble Alpes, CNRS, IPAG, F-38000 Grenoble, France"", ""Aix-Marseille Univ, CNRS, CNES, LAM, Marseille, France"", ""The Blackett Laboratory, Department of Physics, Imperial College London, London SW7 2AZ, UK"", ""Laboratoire d\u00e2\u20ac\u2122astrophysique de Bordeaux, Univ. Bordeaux, CNRS, B18N, all\u00c3\u00a9e Geoffroy Saint-Hilaire, 33615 Pessac, France"", ""Laboratoire d\u00e2\u20ac\u2122astrophysique de Bordeaux, Univ. Bordeaux, CNRS, B18N, all\u00c3\u00a9e Geoffroy Saint-Hilaire, 33615 Pessac, France"", ""Laboratoire d\u00e2\u20ac\u2122astrophysique de Bordeaux, Univ. Bordeaux, CNRS, B18N, all\u00c3\u00a9e Geoffroy Saint-Hilaire, 33615 Pessac, France"", ""Universit\u00c3\u00a9 C\textsuperscript{o}te d\u00e2\u20ac\u2122Azur, Observatoire de la C\textsuperscript{o}te d\u00e2\u20ac\u2122Azur, CNRS, Laboratoire Lagrange, Nice, France"", ""Centre europ\u00c3\u00a9en de sociologie et de science politique, CNRS, EHESS, Paris 1"", ""Sciences Po Bordeaux 11 all\u00c3\u00a9e Ausone 33607 Pessac CEDEX - France""]","[""France"", ""France"", ""France"", ""France"", ""France"", ""France"", ""France"", ""UK"", ""France"", ""France"", ""France"", ""France"", ""France"", ""France""]",France
12,2501.12694,"[""Masataka Yukumoto"", ""Koji Mori"", ""Ayaki Takeda"", ""Yusuke Nishioka"", ""Miraku Kimura"", ""Yuta Fuchita"", ""Taiga Yoshida"", ""Takeshi G. Tsuru"", ""Ikuo Kurachi"", ""Kouichi Hagino"", ""Yasuo Arai"", ""Takayoshi Kohmura"", ""Takaaki Tanaka"", ""Kumiko K. Nobukawa""]","[""Department of Applied Physics, Faculty of Engineering, University of Miyazaki, 1-1 Gakuen-Kibanadai-Nishi, Miyazaki, 889-2192, Japan"", ""Department of Applied Physics, Faculty of Engineering, University of Miyazaki, 1-1 Gakuen-Kibanadai-Nishi, Miyazaki, 889-2192, Japan"", ""Department of Applied Physics, Faculty of Engineering, University of Miyazaki, 1-1 Gakuen-Kibanadai-Nishi, Miyazaki, 889-2192, Japan"", ""Department of Applied Physics, Faculty of Engineering, University of Miyazaki, 1-1 Gakuen-Kibanadai-Nishi, Miyazaki, 889-2192, Japan"", ""Department of Applied Physics, Faculty of Engineering, University of Miyazaki, 1-1 Gakuen-Kibanadai-Nishi, Miyazaki, 889-2192, Japan"", ""Department of Applied Physics, Faculty of Engineering, University of Miyazaki, 1-1 Gakuen-Kibanadai-Nishi, Miyazaki, 889-2192, Japan"", ""Department of Applied Physics, Faculty of Engineering, University of Miyazaki, 1-1 Gakuen-Kibanadai-Nishi, Miyazaki, 889-2192, Japan"", ""Department of Physics, Faculty of Science, Kyoto University, Kitashirakawa Oiwake-cho, Sakyo-ku, Kyoto 606-8502, Japan"", ""D&S Inc., 774-3-213 Higashiasakawacho, Hachioji, Tokyo 193-0834, Japan"", ""Department of Physics, University of Tokyo, 7-3-1 Hongo, Bunkyo, Tokyo 113-0033, Japan"", ""Accelerator Laboratory, High Energy Accelerator Research Organization (KEK), 1-1 Oho, Tsukuba 305-0801, Japan"", ""Department of Physics and Astronomy, Faculty of Science and Technology, Tokyo University of Science, 2641 Yamazaki, Noda, Chiba 278-8510, Japan"", ""Department of Physics, Konan University, 8-9-1 Okamoto, Higashinada, Kobe, Hyogo 658-8501, Japan"", ""Faculty of Science and Engineering, Kindai University, 3-4-1 Kowakae, Higashi-Osaka, Osaka 577-8502, Japan""]","[""Japan"", ""Japan"", ""Japan"", ""Japan"", ""Japan"", ""Japan"", ""Japan"", ""Japan"", ""Japan"", ""Japan"", ""Japan"", ""Japan"", ""Japan"", ""Japan""]",Japan
14,2501.12665,"[""Yuxuan Pang"", ""Xue-Bing Wu"", ""Yuming Fu"", ""Rui Zhu"", ""Bing Lyu"", ""Huimei Wang"", ""Xiaotong Feng""]","[""Department of Astronomy, School of Physics, Peking University, Beijing 100871, People's Republic of China; Kavli Institute for Astronomy and Astrophysics, Peking University, Beijing 100871, People's Republic of China"", ""Department of Astronomy, School of Physics, Peking University, Beijing 100871, People's Republic of China; Kavli Institute for Astronomy and Astrophysics, Peking University, Beijing 100871, People's Republic of China"", ""Leiden Observatory, Leiden University, P.O. Box 9513, NL-2300 RA Leiden, The Netherlands; Kapteyn Astronomical Institute, University of Groningen, P.O. Box 800, NL-9700 AV Groningen, The Netherlands"", ""Department of Astronomy, School of Physics, Peking University, Beijing 100871, People's Republic of China; Kavli Institute for Astronomy and Astrophysics, Peking University, Beijing 100871, People's Republic of China"", ""Department of Astronomy, School of Physics, Peking University, Beijing 100871, People's Republic of China; Kavli Institute for Astronomy and Astrophysics, Peking University, Beijing 100871, People's Republic of China"", ""Department of Astronomy, School of Physics, Peking University, Beijing 100871, People's Republic of China; Kavli Institute for Astronomy and Astrophysics, Peking University, Beijing 100871, People's Republic of China"", ""Department of Astronomy, School of Physics, Peking University, Beijing 100871, People's Republic of China; Kavli Institute for Astronomy and Astrophysics, Peking University, Beijing 100871, People's Republic of China""]","[""China"", ""China"", ""Netherlands"", ""China"", ""China"", ""China"", ""China""]",China
15,2501.12661,"[""Ryo Terasawa"", ""Yue Nan"", ""Masahiro Takada""]","[""Kavli Institute for the Physics and Mathematics of the Universe (WPI), The University of Tokyo Institutes for Advanced Study (UTIAS), The University of Tokyo, Chiba 277-8583, Japan; Department of Physics, Graduate School of Science, The University of Tokyo, 7-3-1 Hongo, Bunkyo-ku, Tokyo 113-0033, Japan; Center for Data-Driven Discovery (CD3), Kavli IPMU (WPI), UTIAS, The University of Tokyo, Kashiwa, Chiba 277-8583, Japan"", ""Kavli Institute for the Physics and Mathematics of the Universe (WPI), The University of Tokyo Institutes for Advanced Study (UTIAS), The University of Tokyo, Chiba 277-8583, Japan; Center for Data-Driven Discovery (CD3), Kavli IPMU (WPI), UTIAS, The University of Tokyo, Kashiwa, Chiba 277-8583, Japan"", ""Kavli Institute for the Physics and Mathematics of the Universe (WPI), The University of Tokyo Institutes for Advanced Study (UTIAS), The University of Tokyo, Chiba 277-8583, Japan; Center for Data-Driven Discovery (CD3), Kavli IPMU (WPI), UTIAS, The University of Tokyo, Kashiwa, Chiba 277-8583, Japan""]","[""Japan"", ""Japan"", ""Japan""]",Japan
16,2501.12658,"[""Hidenori Matsui"", ""Kenji Bekki"", ""Madeleine McKenzie"", ""Takayuki R. Saitoh""]","[""National Institute of Technology, Asahikawa College, Shunkodai 2-2-1-6, Asahikawa, Hokkaido, 071-8142, Japan; International Centre for Radio Astronomy Research (ICRAR), M468, The University of Western Australia, 35 Stirling Hwy, Crawley, Western Australia, 6009, Australia"", ""International Centre for Radio Astronomy Research (ICRAR), M468, The University of Western Australia, 35 Stirling Hwy, Crawley, Western Australia, 6009, Australia"", ""Research School of Astronomy & Astrophysics, Australian National University, Canberra, ACT 2611, Australia; ARC Centre of Excellence for Astrophysics in Three Dimensions (ASTRO-3D), Canberra 2611, Australia"", ""Department of Planetology, Graduate School of Science, Kobe University, 1-1 Rokkodai-cho, Nada-ku, Kobe, Hyogo 657-8501, Japan; Center for Planetary Science (CPS), Graduate School of Science, Kobe University, 1-1 Rokkodai-cho, Nada-ku, Kobe, Hyogo 657-8501, Japan""]","[""Japan; Australia"", ""Australia"", ""Australia"", ""Japan""]",Japan; Australia
17,2501.12650,"[""Linghong Lin"", ""Beibei Liu"", ""Zekai Zheng""]","[""Institute for Astronomy, School of Physics, Zhejiang University, Hangzhou 310027, China"", ""Institute for Astronomy, School of Physics, Zhejiang University, Hangzhou 310027, China; Department of Physics, National University of Singapore, Singapore 117542, Singapore"", ""Institute for Astronomy, School of Physics, Zhejiang University, Hangzhou 310027, China; Department of Physics, National University of Singapore, Singapore 117542, Singapore""]","[""China"", ""China; Singapore"", ""China; Singapore""]",China
18,2501.12809,"[""Lorenzo V. Mugnai"", ""Andrea Bocchieri"", ""Enzo Pascale"", ""Andrea Lorenzani"", ""Andreas Papageorgiou""]","[""Dipartimento di Fisica, La Sapienza Universit`a di Roma, Piazzale Aldo Moro 5, Roma, 00185, Italy; School of Physics and Astronomy, Cardiff University, Queens Buildings, The Parade, Cardiff, CF24 3AA, UK; Department of Physics and Astronomy, University College London, Gower Street, London, WC1E 6BT, UK; Osservatorio Astronomico di Palermo, INAF, Piazza del Parlamento 1, Palermo, 90134, Italy"", ""Dipartimento di Fisica, La Sapienza Universit`a di Roma, Piazzale Aldo Moro 5, Roma, 00185, Italy"", ""Dipartimento di Fisica, La Sapienza Universit`a di Roma, Piazzale Aldo Moro 5, Roma, 00185, Italy"", ""Osservatorio Astrofisico di Arcetri, INAF, Largo E. Fermi 5, Firenze, 50125, Italy"", ""School of Physics and Astronomy, Cardiff University, Queens Buildings, The Parade, Cardiff, CF24 3AA, UK""]","[""Italy; UK"", ""Italy"", ""Italy"", ""Italy"", ""UK""]",Italy; UK
19,2501.12636,"[""Ethan O. Nadler"", ""Andrew J. Benson""]","[""Department of Astronomy & Astrophysics, University of California, San Diego, La Jolla, California 92093, USA"", ""Carnegie Observatories, 813 Santa Barbara Street, Pasadena, California 91101, USA""]","[""USA"", ""USA""]",USA
20,2501.12822,"[""Sara Evangelista"", ""Jens Chluba"", ""Francesco Pace""]","[""Dipartimento di Fisica, Universit`a degli Studi di Torino, Via P. Giuria 1, I-10125, Torino, Italy"", ""Jodrell Bank Centre for Astrophysics, School of Physics and Astronomy, The University of Manchester, Manchester M13 9PL, U.K."", ""Dipartimento di Fisica, Universit`a degli Studi di Torino, Via P. Giuria 1, I-10125, Torino, Italy; INFN-Sezione di Torino, Via P. Giuria 1, I-10125, Torino, Italy; INAF-Istituto Nazionale di Astrofisica, Osservatorio Astrofisico di Torino, strada Osservatorio 20, 10025, Pino Torinese, Italy""]","[""Italy"", ""United Kingdom"", ""Italy""]",Italy
21,2501.12905,"[""Hristijan Kochankovski"", ""Georgios Lioutas"", ""Sebastian Blacker"", ""Andreas Bauswein"", ""Angels Ramos"", ""Laura Tolos""]","[""Departament de F\u00c3\u00adsica Qu\u00c3 ntica i Astrof\u00c3\u00adsica and Institut de Ci\u00c3\u00a8ncies del Cosmos, Universitat de Barcelona, Mart\u00c3\u00ad i Franqu\u00c3 s 1, 08028, Barcelona, Spain"", ""GSI Helmholtzzentrum f\""ur Schwerionenforschung, Planckstra{\\ss}e 1, 64291 Darmstadt, Germany; Heidelberger Institut f\u00c3\u00bcr Theoretische Studien (HITS), Schloss-Wolfsbrunnenweg 35, 69118 Heidelberg, Germany"", ""Institut f\""ur Kernphysik, Technische Universit\""at Darmstadt, 64289 Darmstadt, Germany; GSI Helmholtzzentrum f\""ur Schwerionenforschung, Planckstra{\\ss}e 1, 64291 Darmstadt, Germany"", ""GSI Helmholtzzentrum f\""ur Schwerionenforschung, Planckstra{\\ss}e 1, 64291 Darmstadt, Germany; Helmholtz Research Academy Hesse for FAIR (HFHF), Campus Darmstadt, 64291 Darmstadt, Germany"", ""Departament de F\u00c3\u00adsica Qu\u00c3 ntica i Astrof\u00c3\u00adsica and Institut de Ci\u00c3\u00a8ncies del Cosmos, Universitat de Barcelona, Mart\u00c3\u00ad i Franqu\u00c3 s 1, 08028, Barcelona, Spain"", ""Institute of Space Sciences (ICE, CSIC), Campus UAB, Carrer de Can Magrans, 08193 Barcelona, Spain; Institut d'Estudis Espacials de Catalunya (IEEC), 08860 Castelldefels (Barcelona), Spain""]","[""Spain"", ""Germany"", ""Germany"", ""Germany"", ""Spain"", ""Spain""]",Spain
22,2501.13090,"[""Anumanchi Agastya Sai Ram Likhit"", ""Katta Naveen"", ""Arul Pandian B"", ""Abhishek R"", ""Prabu T""]","[""Department of Physics, Indian Institute of Science Education and Research Bhopal, 462066, India"", ""Department of Physics, Indian Institute of Science Education and Research Bhopal, 462066, India"", ""Electronics Engineering Group, Raman Research Institute, 560080, India"", ""Electronics Engineering Group, Raman Research Institute, 560080, India"", ""Electronics Engineering Group, Raman Research Institute, 560080, India""]","[""India"", ""India"", ""India"", ""India"", ""India""]",India
23,2501.13082,"[""Xihan Ji"", ""Roberto Maiolino"", ""Hannah \""Ubler"", ""Jan Scholtz"", ""Francesco D'Eugenio"", ""Fengwu Sun"", ""Michele Perna"", ""Hannah Turner"", ""Stefano Carniani"", ""Santiago Arribas"", ""Jake S. Bennett"", ""Andrew Bunker"", ""St\u00c3\u00a9phane Charlot"", ""Giovanni Cresci"", ""Mirko Curti"", ""Eiichi Egami"", ""Andy Fabian"", ""Kohei Inayoshi"", ""Yuki Isobe"", ""Gareth Jones"", ""Ignas Juod\u00c5\u00bebalis"", ""Nimisha Kumari"", ""Jianwei Lyu"", ""Giovanni Mazzolari"", ""Eleonora Parlanti"", ""Brant Robertson"", ""Bruno~Rodr\u00c3\u00adguez~Del~Pino"", ""Raffaella Schneider"", ""Debora Sijacki"", ""Sandro Tacchella"", ""Alessandro Trinca"", ""Rosa Valiante"", ""Giacomo Venturi"", ""Marta Volonteri"", ""Chris Willott"", ""Callum Witten"", ""Joris Witstok""]","[""Department of Astronomy, Columbia University, 550 West 120th Street, New York, NY, 10027, USA; Department of Physics, Columbia University, 550 West 120th Street, New York, NY, 10027, USA; Institute of Science and Technology Austria (ISTA), Am Campus 1, Klosterneuburg 3400, Austria"", ""Department of Astronomy, Columbia University, 550 West 120th Street, New York, NY, 10027, USA; Department of Physics, Columbia University, 550 West 120th Street, New York, NY, 10027, USA; Institute of Science and Technology Austria (ISTA), Am Campus 1, Klosterneuburg 3400, Austria"", ""University of Toledo, Department of Physics and Astronomy and Ritter Astrophysical Research Center, 2801 W. Bancroft Street, Toledo, Ohio 43606"", ""Department of Astronomy, Columbia University, 550 West 120th Street, New York, NY, 10027, USA; Department of Physics, Columbia University, 550 West 120th Street, New York, NY, 10027, USA"", ""Department of Astronomy, Columbia University, 550 West 120th Street, New York, NY, 10027, USA; Department of Physics, Columbia University, 550 West 120th Street, New York, NY, 10027, USA"", ""University of Toledo, Department of Physics and Astronomy and Ritter Astrophysical Research Center, 2801 W. Bancroft Street, Toledo, Ohio 43606"", ""Institute of Space Sciences (ICE, CSIC), Campus UAB, Carrer de Can Magrans, s/n, 08193 Barcelona, Spain"", ""Department of Astronomy, Columbia University, 550 West 120th Street, New York, NY, 10027, USA; Department of Physics, Columbia University, 550 West 120th Street, New York, NY, 10027, USA"", ""Department of Astronomy, Columbia University, 550 West 120th Street, New York, NY, 10027, USA; Department of Physics, Columbia University, 550 West 120th Street, New York, NY, 10027, USA"", ""Institute of Space Sciences (ICE, CSIC), Campus UAB, Carrer de Can Magrans, s/n, 08193 Barcelona, Spain"", ""University of Toledo, Department of Physics and Astronomy and Ritter Astrophysical Research Center, 2801 W. Bancroft Street, Toledo, Ohio 43606"", ""Department of Astronomy, Columbia University, 550 West 120th Street, New York, NY, 10027, USA"", ""Department of Astronomy, Columbia University, 550 West 120th Street, New York, NY, 10027, USA; Department of Physics, Columbia University, 550 West 120th Street, New York, NY, 10027, USA"", ""Department of Astronomy, Columbia University, 550 West 120th Street, New York, NY, 10027, USA; Department of Physics, Columbia University, 550 West 120th Street, New York, NY, 10027, USA"", ""Department of Astronomy, Columbia University, 550 West 120th Street, New York, NY, 10027, USA; Department of Physics, Columbia University, 550 West 120th Street, New York, NY, 10027, USA"", ""Department of Astronomy, Columbia University, 550 West 120th Street, New York, NY, 10027, USA; Department of Physics, Columbia University, 550 West 120th Street, New York, NY, 10027, USA"", ""Department of Astronomy, Columbia University, 550 West 120th Street, New York, NY, 10027, USA; Department of Physics, Columbia University, 550 West 120th Street, New York, NY, 10027, USA"", ""Department of Astronomy, Columbia University, 550 West 120th Street, New York, NY, 10027, USA; Department of Physics, Columbia University, 550 West 120th Street, New York, NY, 10027, USA"", ""Department of Astronomy, Columbia University, 550 West 120th Street, New York, NY, 10027, USA; Department of Physics, Columbia University, 550 West 120th Street, New York, NY, 10027, USA; Department of Astronomy, Columbia University, 550 West 120th Street, New York, NY, 10027, USA"", ""Department of Astronomy, Columbia University, 550 West 120th Street, New York, NY, 10027, USA; Department of Physics, Columbia University, 550 West 120th Street, New York, NY, 10027, USA"", ""Department of Astronomy, Columbia University, 550 West 120th Street, New York, NY, 10027, USA; Department of Physics, Columbia University, 550 West 120th Street, New York, NY, 10027, USA"", ""Department of Astronomy, Columbia University, 550 West 120th Street, New York, NY, 10027, USA"", ""Department of Astronomy, Columbia University, 550 West 120th Street, New York, NY, 10027, USA; Department of Physics, Columbia University, 550 West 120th Street, New York, NY, 10027, USA"", ""Department of Astronomy, Columbia University, 550 West 120th Street, New York, NY, 10027, USA; Department of Physics, Columbia University, 550 West 120th Street, New York, NY, 10027, USA"", ""Department of Astronomy, Columbia University, 550 West 120th Street, New York, NY, 10027, USA; Department of Physics, Columbia University, 550 West 120th Street, New York, NY, 10027, USA"", ""Department of Astronomy, Columbia University, 550 West 120th Street, New York, NY, 10027, USA"", ""Institute of Space Sciences (ICE, CSIC), Campus UAB, Carrer de Can Magrans, s/n, 08193 Barcelona, Spain"", ""Department of Astronomy, Columbia University, 550 West 120th Street, New York, NY, 10027, USA; Department of Physics, Columbia University, 550 West 120th Street, New York, NY, 10027, USA; Department of Astronomy, Columbia University, 550 West 120th Street, New York, NY, 10027, USA; Department of Astronomy, Columbia University, 550 West 120th Street, New York, NY, 10027, USA"", ""Department of Astronomy, Columbia University, 550 West 120th Street, New York, NY, 10027, USA; Department of Physics, Columbia University, 550 West 120th Street, New York, NY, 10027, USA"", ""Department of Astronomy, Columbia University, 550 West 120th Street, New York, NY, 10027, USA; Department of Physics, Columbia University, 550 West 120th Street, New York, NY, 10027, USA"", ""Department of Astronomy, Columbia University, 550 West 120th Street, New York, NY, 10027, USA; Department of Physics, Columbia University, 550 West 120th Street, New York, NY, 10027, USA; Department of Astronomy, Columbia University, 550 West 120th Street, New York, NY, 10027, USA"", ""Department of Astronomy, Columbia University, 550 West 120th Street, New York, NY, 10027, USA; Department of Physics, Columbia University, 550 West 120th Street, New York, NY, 10027, USA"", ""Department of Astronomy, Columbia University, 550 West 120th Street, New York, NY, 10027, USA"", ""Department of Astronomy, Columbia University, 550 West 120th Street, New York, NY, 10027, USA"", ""Department of Astronomy, Columbia University, 550 West 120th Street, New York, NY, 10027, USA"", ""Department of Astronomy, Columbia University, 550 West 120th Street, New York, NY, 10027, USA"", ""Department of Astronomy, Columbia University, 550 West 120th Street, New York, NY, 10027, USA; Department of Physics, Columbia University, 550 West 120th Street, New York, NY, 10027, USA""]","[""USA; Austria"", ""USA; Austria"", ""USA"", ""USA"", ""USA"", ""USA"", ""Spain"", ""USA"", ""USA"", ""Spain"", ""USA"", ""USA"", ""USA"", ""USA"", ""USA"", ""USA"", ""USA"", ""USA"", ""USA"", ""USA"", ""USA"", ""USA"", ""USA"", ""USA"", ""USA"", ""USA"", ""Spain"", ""USA"", ""USA"", ""USA"", ""USA"", ""USA"", ""USA"", ""USA"", ""USA"", ""USA"", ""USA""]",USA
24,2501.13062,"[""John Brennan"", ""Sreedhar Balu"", ""Yuxiang Qin"", ""John Regan"", ""Chris Power""]","[""Centre for Astrophysics and Space Science Maynooth, Department of Physics, Maynooth University, Maynooth, Ireland"", ""School of Physics, University of Melbourne, Parkville, VIC 3010, Australia; Facultad de F\u00c3\u00adsicas, Multidisciplinary Unit for Energy Science, Universidad de Sevilla, 41012, Seville, Spain; ARC Centre of Excellence for All Sky Astrophysics in 3 Dimensions (ASTRO 3D)"", ""Research School of Astronomy and Astrophysics, Australian National University, Canberra, ACT 2611, Australia"", ""Centre for Astrophysics and Space Science Maynooth, Department of Physics, Maynooth University, Maynooth, Ireland"", ""International Centre for Radio Astronomy Research (ICRAR), M468, University of Western Australia, 35 Stirling Hwy, Crawley, WA 6009, Australia; ARC Centre of Excellence for All Sky Astrophysics in 3 Dimensions (ASTRO 3D)""]","[""Ireland"", ""Australia; Spain"", ""Australia"", ""Ireland"", ""Australia""]",Ireland
26,2501.13049,"[""B. Rani"", ""Jungeun Kim"", ""I. Papadakis"", ""K. C. Gendreau"", ""M. Masterson"", ""K. Hamaguchi"", ""E. Kara"", ""S.-S. Lee"", ""R.~Mushotzky""]","[""NASA Goddard Space Flight Center, Greenbelt, MD 20771, USA; Center for Space Science and Technology, University of Maryland Baltimore County, USA; Korea Astronomy and Space science Institute, 776 Daedeokdae-ro, Yuseong-gu, Daejeon 30455, Korea"", ""Korea Advanced Institute of Science and Technology, 291 Daehak-ro, Yuseong-gu, Daejeon 34141, Republic of Korea"", ""Department of Physics and Institute of Theoretical and Computational Physics, University of Crete, 71003 Heraklion, Greece; Institute of Astrophysics, FORTH, GR-71110 Heraklion, Greece"", ""NASA Goddard Space Flight Center, Greenbelt, MD 20771, USA"", ""MIT Kavli Institute for Astrophysics and Space Research, Massachusetts Institute of Technology, Cambridge, MA 02139, USA"", ""NASA Goddard Space Flight Center, Greenbelt, MD 20771, USA"", ""MIT Kavli Institute for Astrophysics and Space Research, Massachusetts Institute of Technology, Cambridge, MA 02139, USA"", ""Korea Astronomy and Space science Institute, 776 Daedeokdae-ro, Yuseong-gu, Daejeon 30455, Korea"", ""Department of Astronomy, University of Maryland, College Park, MD 20742, USA""]","[""USA; South Korea"", ""South Korea"", ""Greece"", ""USA"", ""USA"", ""USA"", ""USA"", ""South Korea"", ""USA""]",USA
27,2501.13048,"[""A. C. Raga"", ""A. Noriega-Crespo"", ""A. Castellanos-Ram\u00c3\u00adrez"", ""J. Cant\u00c3\u00b3"", ""H. Arce"", ""M. Lebr\u00c3\u00b3n"", ""J.L Morales Ortiz"", ""A. N. Ortiz Capeles"", ""C. A. Pantoja""]","[""Instituto de Ciencias Nucleares , Universidad Nacional Aut\u00c3\u00b3noma de M\u00c3\u00a9xico , Ap. 70-543, Ciudad Universitaria, CDMX 04510, M\u00c3\u00a9xico"", ""Space Telescope Science Institute , 3700 San Martin Dr., Baltimore, MD 21211, USA"", ""Instituto de Astronom\u00c3\u00ada , Universidad Nacional Aut\u00c3\u00b3noma de M\u00c3\u00a9xico , Ap. 70-658, Ciudad Universitaria, CDMX 04510, M\u00c3\u00a9xico"", ""Instituto de Astronom\u00c3\u00ada , Universidad Nacional Aut\u00c3\u00b3noma de M\u00c3\u00a9xico , Ap. 70-658, Ciudad Universitaria, CDMX 04510, M\u00c3\u00a9xico"", ""Dep. of Astronomy, Yale University, New Haven, CT 06511m USA"", ""Univ. of Puerto Rico-R\u00c3\u00ado Piedras , General Studies Faculty, Dep. of Physical Sciences , San Juan, Puerto Rico, USA"", ""Univ. of Puerto Rico-R\u00c3\u00ado Piedras , Natural Sciences Faculty, Dep. of Physics , San Juan, Puerto Rico, USA"", ""Univ. of Puerto Rico-R\u00c3\u00ado Piedras , Natural Sciences Faculty, Dep. of Physics , San Juan, Puerto Rico, USA"", ""Univ. of Puerto Rico-R\u00c3\u00ado Piedras , Natural Sciences Faculty, Dep. of Physics , San Juan, Puerto Rico, USA""]","[""Mexico"", ""USA"", ""Mexico"", ""Mexico"", ""USA"", ""USA"", ""USA"", ""USA"", ""USA""]",Mexico
28,2501.13015,"[""Jorge S\u00c3\u00a1nchez Almeida"", ""Ignacio Trujillo"", ""Mireia Montes"", ""Angel R. Plastino""]","[""Instituto de Astrof\u00c3\u00adsica de Canarias, La Laguna, Tenerife, E-38200, Spain; Departamento de Astrof\u00c3\u00adsica, Universidad de La Laguna"", ""Instituto de Astrof\u00c3\u00adsica de Canarias, La Laguna, Tenerife, E-38200, Spain; Departamento de Astrof\u00c3\u00adsica, Universidad de La Laguna"", ""Institute of Space Sciences (ICE, CSIC), Campus UAB, Carrer de Can Magrans, s/n, 08193 Barcelona, Spain"", ""CeBio y Departamento de Ciencias B\u00c3\u00a1sicas, Universidad Nacional del Noroeste de la Prov. de Buenos Aires, UNNOBA, CONICET, Roque Saenz Pe\u00c3\u00b1a 456, Junin, Argentina""]","[""Spain"", ""Spain"", ""Spain"", ""Argentina""]",Spain
29,2501.12999,"[""E. J. Buis"", ""A. M. von Benda-Beckmann"", ""E. Doppenberg"", ""J. Dorant"", ""T.H Jansen"", ""P. Toet"", ""P. Verhooren"", ""J. de Vreugd""]","[""TNO, Netherlands Organisation for Applied Sciences, Delft, The Netherlands; Nikhef, National Institute for Subatomic Physics, Amsterdam, The Netherlands"", ""TNO, Netherlands Organisation for Applied Sciences, Delft, The Netherlands"", ""TNO, Netherlands Organisation for Applied Sciences, Delft, The Netherlands"", ""TNO, Netherlands Organisation for Applied Sciences, Delft, The Netherlands"", ""TNO, Netherlands Organisation for Applied Sciences, Delft, The Netherlands"", ""TNO, Netherlands Organisation for Applied Sciences, Delft, The Netherlands"", ""TNO, Netherlands Organisation for Applied Sciences, Delft, The Netherlands"", ""TNO, Netherlands Organisation for Applied Sciences, Delft, The Netherlands""]","[""Netherlands"", ""Netherlands"", ""Netherlands"", ""Netherlands"", ""Netherlands"", ""Netherlands"", ""Netherlands"", ""Netherlands""]",Netherlands
30,2501.12990,"[""Konstantin Haubner"", ""Manami Sasaki"", ""Alison Mitchell"", ""Gabriele Ponti"", ""Gavin Rowell"", ""Sabrina Einecke"", ""Miroslav Filipovi\textquotesingle c"", ""Sanja Lazarevi\textquotesingle c"", ""Gerd P\u00c3\u00bchlhofer"", ""Andrew Strong""]","[""Dr. Karl Remeis Observatory, Erlangen Centre for Astroparticle Physics, Friedrich-Alexander-Universit\u00c3\u00a4t Erlangen-N\u00c3\u00bcrnberg, Sternwartstra\u00c3\u0178e 7, 96049 Bamberg, Germany; INAF -- Arcetri Astrophysical Observatory, Largo Enrico Fermi 5, 50125 Firenze, Italy; Dipartimento di Fisica e Astronomia, Universit\u00c3\u00a0 degli Studi di Firenze, via G. Sansone 1, 50019 Sesto Fiorentino, Firenze, Italy"", ""Dr. Karl Remeis Observatory, Erlangen Centre for Astroparticle Physics, Friedrich-Alexander-Universit\u00c3\u00a4t Erlangen-N\u00c3\u00bcrnberg, Sternwartstra\u00c3\u0178e 7, 96049 Bamberg, Germany"", ""Erlangen Centre for Astroparticle Physics, Friedrich-Alexander-Universit\u00c3\u00a4t Erlangen-N\u00c3\u00bcrnberg, Nikolaus-Fiebiger-Str. 2, 91058 Erlangen, Germany"", ""INAF -- Osservatorio Astronomico di Brera, Via E. Bianchi 46, 23807 Merate, Italy; Max-Planck-Institut f{\""u}r extraterrestrische Physik, Gie\u00c3\u0178enbachstra\u00c3\u0178e 1, 85748 Garching, Germany"", ""School of Physics, Chemistry and Earth Sciences, The University of Adelaide, Adelaide 5005, Australia"", ""School of Physics, Chemistry and Earth Sciences, The University of Adelaide, Adelaide 5005, Australia"", ""Western Sydney University, Locked Bag 1797, Penrith South DC, NSW 2751, Australia; CSIRO, Space and Astronomy, PO Box 76, Epping, NSW 1710, Australia; Astronomical Observatory, Volgina 7, 11060 Belgrade, Serbia"", ""Western Sydney University, Locked Bag 1797, Penrith South DC, NSW 2751, Australia; CSIRO, Space and Astronomy, PO Box 76, Epping, NSW 1710, Australia; Astronomical Observatory, Volgina 7, 11060 Belgrade, Serbia"", ""Institut f{\""u}r Astronomie und Astrophysik, Universit{\""a}t T{\""u}bingen, Sand 1, 72076 T{\""u}bingen, Germany"", ""Max-Planck-Institut f{\""u}r extraterrestrische Physik, Gie\u00c3\u0178enbachstra\u00c3\u0178e 1, 85748 Garching, Germany""]","[""Germany; Italy"", ""Germany"", ""Germany"", ""Italy; Germany"", ""Australia"", ""Australia"", ""Australia; Serbia"", ""Australia; Serbia"", ""Germany"", ""Germany""]",Germany
31,2501.12986,"[""James Sullivan"", ""Zolt\u00c3\u00a1n Haiman"", ""Mihir Kulkarni"", ""Eli Visbal""]","[""Department of Astronomy, Columbia University, 550 West 120th Street, New York, NY, 10027, USA; Department of Physics, Columbia University, 550 West 120th Street, New York, NY, 10027, USA; Institute of Science and Technology Austria (ISTA), Am Campus 1, Klosterneuburg 3400, Austria"", ""Department of Astronomy, Columbia University, 550 West 120th Street, New York, NY, 10027, USA; Department of Physics, Columbia University, 550 West 120th Street, New York, NY, 10027, USA; Institute of Science and Technology Austria (ISTA), Am Campus 1, Klosterneuburg 3400, Austria"", ""University of Toledo, Department of Physics and Astronomy and Ritter Astrophysical Research Center, 2801 W. Bancroft Street, Toledo, Ohio 43606; Institut f\u00c3\u00bcr Astrophysik, Georg-August Universit\u00c3\u00a4t G\u00c3\u00b6ttingen, Friedrich-Hund-Platz 1, D-37077 G\u00c3\u00b6ttingen, Germany"", ""University of Toledo, Department of Physics and Astronomy and Ritter Astrophysical Research Center, 2801 W. Bancroft Street, Toledo, Ohio 43606""]","[""USA; Austria"", ""USA; Austria"", ""USA; Germany"", ""USA""]",USA
32,2501.12977,"[""Peter K. G. Williams""]","[""Center for Astrophysics | Harvard & Smithsonian, Cambridge, MA, USA""]","[""USA""]",USA
33,2501.12970,"[""Peter H. Sims"", ""Jacob Burba"", ""Jonathan C. Pober""]","[""School of Earth and Space Exploration, Arizona State University, USA"", ""Department of Physics and Astronomy, University of Manchester, UK"", ""Department of Physics, Brown University, USA""]","[""USA"", ""United Kingdom"", ""USA""]",USA
35,2501.12925,"[""Cesare Cozza"", ""Kousuke Nakano"", ""Saburo Howard"", ""Hao Xie"", ""Ravit Helled"", ""Guglielmo Mazzola""]","[""Department of Astrophysics, University of Z\u00c3\u00bcrich, Winterthurerstrasse 190, 8057 Z\u00c3\u00bcrich, Switzerland"", ""Center for Basic Research on Materials, National Institute for Materials Science (NIMS), 1-2-1 Sengen, Tsukuba, Ibaraki 305-0047, Japan; Center for Emergent Matter Science (CEMS), RIKEN, 2-1 Hirosawa, Wako, Saitama, 351-0198, Japan."", ""Department of Astrophysics, University of Z\u00c3\u00bcrich, Winterthurerstrasse 190, 8057 Z\u00c3\u00bcrich, Switzerland"", ""Department of Astrophysics, University of Z\u00c3\u00bcrich, Winterthurerstrasse 190, 8057 Z\u00c3\u00bcrich, Switzerland"", ""Department of Astrophysics, University of Z\u00c3\u00bcrich, Winterthurerstrasse 190, 8057 Z\u00c3\u00bcrich, Switzerland"", ""Department of Astrophysics, University of Z\u00c3\u00bcrich, Winterthurerstrasse 190, 8057 Z\u00c3\u00bcrich, Switzerland""]","[""Switzerland"", ""Japan"", ""Switzerland"", ""Switzerland"", ""Switzerland"", ""Switzerland""]",Switzerland
36,2501.12923,"[""V. Lattari"", ""R. Sfair"", ""P. B. Siqueira"", ""C. M. Sch\u00c3\u00a4fer""]","[""S\u00c3\u00a3o Paulo State University (UNESP), School of Engineering and Sciences, 12516-410, Guaratinguet\u00c3\u00a1, Brazil"", ""S\u00c3\u00a3o Paulo State University (UNESP), School of Engineering and Sciences, 12516-410, Guaratinguet\u00c3\u00a1, Brazil; LESIA, Observatoire de Paris, Universit\u00c3\u00a9 PSL, CNRS, Sorbonne Universit\u00c3\u00a9, 5 place Jules Janssen, 92190 Meudon, France"", ""S\u00c3\u00a3o Paulo State University (UNESP), School of Engineering and Sciences, 12516-410, Guaratinguet\u00c3\u00a1, Brazil"", ""Institute of Astronomy and Astrophysics, University of T\u00c3\u00bcbingen, Auf der Morgenstelle 10, 72076, T\u00c3\u00bcbingen, Germany""]","[""Brazil"", ""Brazil; France"", ""Brazil"", ""Germany""]",Brazil
37,2501.12922,"[""A. ud-Doula"", ""J. Krti\textquotesingle cka"", ""B. Kub\u00c3\u00a1tov\u00c3\u00a1""]","[""Penn State Scranton, 120 Ridge View Drive, Dunmore, PA 18512, USA"", ""Department of Theoretical Physics and Astrophysics, Masaryk University, Kotl\u00c3\u00a1rsk\u00c3\u00a1 2, CZ-611 37 Brno, Czech Republic"", ""Astronomical Institute of the Czech Academy of Sciences, Fri\textquotesingle cova 298, 251 65 Ond\textquotesingle r\textquotesingle ejov, Czech Republic""]","[""USA"", ""Czech Republic"", ""Czech Republic""]",USA
38,2501.12917,"[""G. Costa"", ""K. G. Shepherd"", ""A. Bressan"", ""F. Addari"", ""Y. Chen"", ""X. Fu"", ""G. Volpato"", ""C. T. Nguyen"", ""L. Girardi"", ""P. Marigo"", ""A. Mazzi"", ""G. Pastorelli"", ""M. Trabucchi"", ""D. Bossini"", ""S. Zaggia""]","[""Dipartimento di Fisica e Astronomia, Universit\u00c3\u00a0 degli studi di Padova, Vicolo dell'Osservatorio 3, Padova, Italy; Univ Lyon, Univ Lyon1, ENS de Lyon, CNRS, Centre de Recherche Astrophysique de Lyon UMR5574, F-69230 Saint-Genis-Laval, France; INAF - Osservatorio Astronomico di Padova, Vicolo dell'Osservatorio 5, Padova, Italy"", ""SISSA, via Bonomea 365, I--34136 Trieste, Italy; INAF - Osservatorio Astronomico di Padova, Vicolo dell'Osservatorio 5, Padova, Italy"", ""SISSA, via Bonomea 365, I--34136 Trieste, Italy"", ""SISSA, via Bonomea 365, I--34136 Trieste, Italy"", ""Anhui University, Hefei 230601, China"", ""Purple Mountain Observatory, Chinese Academy of Sciences, Nanjing 210023, China"", ""Dipartimento di Fisica e Astronomia, Universit\u00c3\u00a0 degli studi di Padova, Vicolo dell'Osservatorio 3, Padova, Italy; INAF - Osservatorio Astronomico di Padova, Vicolo dell'Osservatorio 5, Padova, Italy"", ""INAF - Osservatorio Astronomico di Trieste, Via Giambattista Tiepolo 11, Italy; SISSA, via Bonomea 365, I--34136 Trieste, Italy"", ""INAF - Osservatorio Astronomico di Padova, Vicolo dell'Osservatorio 5, Padova, Italy"", ""Dipartimento di Fisica e Astronomia, Universit\u00c3\u00a0 degli studi di Padova, Vicolo dell'Osservatorio 3, Padova, Italy"", ""Dipartimento di Fisica e Astronomia, Universit\u00c3\u00a0 degli studi di Padova, Vicolo dell'Osservatorio 3, Padova, Italy; Dipartimento di Fisica e Astronomia Augusto Righi, Universit\u00c3\u00a0 degli Studi di Bologna, Via Gobetti 93/2, 40129 Bologna, Italy"", ""Dipartimento di Fisica e Astronomia, Universit\u00c3\u00a0 degli studi di Padova, Vicolo dell'Osservatorio 3, Padova, Italy; INAF - Osservatorio Astronomico di Padova, Vicolo dell'Osservatorio 5, Padova, Italy"", ""Dipartimento di Fisica e Astronomia, Universit\u00c3\u00a0 degli studi di Padova, Vicolo dell'Osservatorio 3, Padova, Italy; INAF - Osservatorio Astronomico di Padova, Vicolo dell'Osservatorio 5, Padova, Italy"", ""Dipartimento di Fisica e Astronomia, Universit\u00c3\u00a0 degli studi di Padova, Vicolo dell'Osservatorio 3, Padova, Italy; INAF - Osservatorio Astronomico di Padova, Vicolo dell'Osservatorio 5, Padova, Italy"", ""INAF - Osservatorio Astronomico di Padova, Vicolo dell'Osservatorio 5, Padova, Italy""]","[""Italy; France"", ""Italy"", ""Italy"", ""Italy"", ""China"", ""China"", ""Italy"", ""Italy"", ""Italy"", ""Italy"", ""Italy"", ""Italy"", ""Italy"", ""Italy"", ""Italy""]",Italy
39,2501.12887,"[""A. ud-Doula"", ""J. Krti\textquotesingle cka"", ""B. Kub\u00c3\u00a1tov\u00c3\u00a1""]","[""Penn State Scranton, 120 Ridge View Drive, Dunmore, PA 18512, USA"", ""Department of Theoretical Physics and Astrophysics, Masaryk University, Kotl\u00c3\u00a1rsk\u00c3\u00a1 2, CZ-611 37 Brno, Czech Republic"", ""Astronomical Institute of the Czech Academy of Sciences, Fri\textquotesingle cova 298, 251 65 Ond\textquotesingle r\textquotesingle ejov, Czech Republic""]","[""USA"", ""Czech Republic"", ""Czech Republic""]",USA
40,2501.13102,"[""M. G. Dainotti"", ""B. De Simone"", ""A. Narendra"", ""A. Pollo""]","[""Division of Science,National Astronomical Observatory of Japan, 2 Chome-21-1 Osawa, Mitaka, Tokyo, 181-8588, Japan; The Graduate University for Advanced Studies, SOKENDAI, Shonankokusaimura, Hayama, Miura District, Kanagawa, 240-0115, Japan; Space Science Institutes , 4765 Walnut St Ste B, Boulder, 80301, CO, USA; Nevada Center for Astrophysics, University of Nevada,89154, 4505 Maryland Parkway, Las Vegas, 80301, NV, USA"", ""Dipartimento di Fisica \u00e2\u20ac\u0153E.R. Caianiello\u00e2\u20ac\ufffd, Universit\u00c3\u00a0 di Salerno, Via Giovanni Paolo II, 132, Fisciano, Salerno, 84084, Italy; INFN Gruppo Collegato di Salerno- Sezione di Napoli. c/o Dipartimento di Fisica \u00e2\u20ac\ufffdE.R. Caianiello\u00e2\u20ac\ufffd, Universit\u00c3\u00a0 di Salerno, Via Giovanni Paolo II, 132, Fisciano, Salerno, 84084, Italy"", ""Doctoral School of Exact and Natural Sciences, Jagiellonian University, Krakow, Poland; Astronomical Observatory of Jagiellonian University, Krakow, Poland"", ""National Center for Nuclear Physics (NCB), Warsaw""]","[""Japan; Japan; USA; USA"", ""Italy; Italy"", ""Poland; Poland"", ""Poland""]",Japan; USA
41,2501.12625,"[""Cheng-Rui Zhu"", ""Kai-Kai Duan""]","[""Department of Physics, Anhui Normal University, Wuhu, Anhui, 241000, China; Key Laboratory of Dark Matter and Space Astronomy, Purple Mountain Observatory, Chinese Academy of Sciences, Nanjing 210023, China"", ""Key Laboratory of Dark Matter and Space Astronomy, Purple Mountain Observatory, Chinese Academy of Sciences, Nanjing 210023, China""]","[""China; China"", ""China""]",China
42,2501.12614,"[""Kewen Zhang"", ""Tim Huege"", ""Ramesh Koirala"", ""Pengxiong Ma"", ""Mat\u00edas Tueros"", ""Xin Xu"", ""Chao Zhang"", ""Pengfei Zhang"", ""Yi Zhang""]","[""Key Laboratory of Dark Matter and Space Astronomy, Purple Mountain Observatory, Chinese Academy of Sciences, Nanjing 210023, China; School of Astronomy and Space Science, University of Science and Technology of China, Hefei 230026, China"", ""Institute for Astroparticle Physics (IAP), Karlsruhe Institute of Technology, Karlsruhe, Germany; Astrophysical Institute, Vrije Universiteit Brussels, Belgium"", ""School of Astronomy and Space Science, Nanjing University, Nanjing 210023, China; Key laboratory of Modern Astronomy and Astrophysics, Nanjing University, Ministry of Education, Nanjing 210023, China; Space Research Centre, Faculty of Technology, Nepal Academy of Science and Technology (NAST), Khumaltar, Lalitpur, Nepal"", ""Key Laboratory of Dark Matter and Space Astronomy, Purple Mountain Observatory, Chinese Academy of Sciences, Nanjing 210023, China; School of Astronomy and Space Science, University of Science and Technology of China, Hefei 230026, China"", ""IFLP - CCT La Plata - CONICET, Casilla de Correo, La Plata, Argentina; Depto. de F\u00edsica, Fac. de Cs. Ex., Universidad Nacional de La Plata, Casilla de Coreo, La Plata, Argentina"", ""School of Electronic Engineering, Xidian University, No.2 South Taibai Road, Xi\u2019an, China"", ""School of Astronomy and Space Science, Nanjing University, Nanjing 210023, China; Key laboratory of Modern Astronomy and Astrophysics, Nanjing University, Ministry of Education, Nanjing 210023, China; Department of Astronomy, School of Physics, Peking University, Beijing 100871, China; Kavli institute for astronomy and astrophysics, Peking University, Be\u00ef\u00bf\u00bding, China"", ""School of Electronic Engineering, Xidian University, No.2 South Taibai Road, Xi\u2019an, China"", ""Key Laboratory of Dark Matter and Space Astronomy, Purple Mountain Observatory, Chinese Academy of Sciences, Nanjing 210023, China; School of Astronomy and Space Science, University of Science and Technology of China, Hefei 230026, China""]","[""China; China"", ""Germany; Belgium"", ""China; China; Nepal"", ""China; China"", ""Argentina; Argentina"", ""China"", ""China; China; China; China"", ""China"", ""China; China""]",China
43,2501.12345,"[""Renu Malhotra"", ""Takashi Ito""]","[""The University of Arizona\\ 1629 E University Boulevard\\ Tucson, AZ 85718, USA"", ""National Astronomical Observatory\\ Osawa 2--21--1\\ Mitaka, Tokyo 181--8588, Japan""]","[""USA"", ""Japan""]",USA
44,2501.12342,"[""Hanna Parul"", ""Jeremy Bailin"", ""Sarah R. Loebman"", ""Andrew Wetzel"", ""Megan Barry"", ""Binod Bhattarai""]","[""Department of Physics and Astronomy, University of Alabama, Box 870324, Tuscaloosa, AL, 35487, USA; LIRA, Observatoire de Paris, Universit\u00c3\u00a9 PSL, Sorbonne Universit\u00c3\u00a9, Universit\u00c3\u00a9 Paris Cit\u00c3\u00a9, CY Cergy Paris Universit\u00c3\u00a9, CNRS, 92190 Meudon, France"", ""Department of Physics and Astronomy, University of Alabama, Box 870324, Tuscaloosa, AL, 35487, USA"", ""Department of Physics, University of California, Merced, CA 95343, USA"", ""Department of Physics & Astronomy, University of California, Davis, CA 95616, USA"", ""Department of Physics & Astronomy, University of California, Davis, CA 95616, USA"", ""Department of Physics, University of California, Merced, CA 95343, USA""]","[""USA; France"", ""USA"", ""USA"", ""USA"", ""USA"", ""USA""]",USA; France
45,2501.12340,"[""N. Bizien"", ""C. Froment"", ""M. S. Madjarska"", ""T. Dudok de Wit"", ""M. Velli""]","[""LPC2E, OSUC, Univ Orleans, CNRS, CNES, F-45071 Orleans, France"", ""LPC2E, OSUC, Univ Orleans, CNRS, CNES, F-45071 Orleans, France"", ""Max Planck Institute for Solar System Research, Justus-von-Liebig-Weg 3, 37077, G\u00c3\u00b6ttingen, Germany; Korea Astronomy and Space Science Institute, 34055, Daejeon, Republic of Korea; Space Research and Technology Institute, Bulgarian Academy of Sciences, Acad. G. Bonchev Str., Bl. 1, 1113, Sofia, Bulgaria"", ""LPC2E, OSUC, Univ Orleans, CNRS, CNES, F-45071 Orleans, France; International Space Science Institute, 3012, Bern, Switzerland"", ""Earth, Planetary & Space Sciences, University of California, Los Angeles, CA, USA""]","[""France"", ""France"", ""Germany; South Korea; Bulgaria"", ""France; Switzerland"", ""USA""]",France
46,2501.12334,"[""Mennatalla Mahmoud Ellaqany"", ""Valeria Garcia-Lopez"", ""Emily S. Hatten"", ""Mridul Agarwal"", ""David A. Moffett""]","[""Department of Physics\\ Furman University\\ Greenville, South Carolina 29613, USA"", ""Department of Physics\\ Furman University\\ Greenville, South Carolina 29613, USA"", ""Department of Physics\\ Furman University\\ Greenville, South Carolina 29613, USA"", ""Department of Physics\\ Furman University\\ Greenville, South Carolina 29613, USA"", ""Department of Physics\\ Furman University\\ Greenville, South Carolina 29613, USA""]","[""USA"", ""USA"", ""USA"", ""USA"", ""USA""]",USA
47,2501.12308,"[""Ewa L. \u0141okas""]","[""Nicolaus Copernicus Astronomical Center, Polish Academy of Sciences, Bartycka 18, 00-716 Warsaw, Poland""]","[""Poland""]",Poland
48,2501.12264,"[""YiCheng Dai"", ""Wei Liao""]","[""School of Physics, East China University of Science and Technology, 130 Meilong Road, Shanghai 200237, P. R. China"", ""School of Physics, East China University of Science and Technology, 130 Meilong Road, Shanghai 200237, P. R. China""]","[""China"", ""China""]",China
51,2501.12238,"[""H.E.S.S. Collaboration""]","[""Dublin Institute for Advanced Studies, 31 Fitzwilliam Place, Dublin 2, Ireland; Max-Planck-Institut f\""ur Kernphysik, Saupfercheckweg 1, 69117 Heidelberg, Germany; Yerevan State University, 1 Alek Manukyan St, Yerevan 0025, Armenia; Landessternwarte, Universit\""at Heidelberg, K\""onigstuhl, D 69117 Heidelberg, Germany; Kapteyn Astronomical Institute, University of Groningen, Landleven 12, 9747 AD Groningen, The Netherlands; Laboratoire Leprince-Ringuet, \u00c3\u2030cole Polytechnique, CNRS, Institut Polytechnique de Paris, F-91128 Palaiseau, France; Deutsches Elektronen-Synchrotron DESY, Platanenallee 6, 15738 Zeuthen, Germany; Institut f\""ur Physik und Astronomie, Universit\""at Potsdam, Karl-Liebknecht-Strasse 24/25, D 14476 Potsdam, Germany; Universit\u00c3\u00a9 Paris Cit\u00c3\u00a9, CNRS, Astroparticule et Cosmologie, F-75013 Paris, France; Department of Physics and Electrical Engineering, Linnaeus University, 351 95 V\u00c3\u00a4xj\u00f6, Sweden; Institut f\""ur Physik, Humboldt-Universit\""at zu Berlin, Newtonstr. 15, D 12489 Berlin, Germany; Centre for Space Research, North-West University, Potchefstroom 2520, South Africa; Laboratoire Univers et Th\u00c3\u00a9ories, Observatoire de Paris, Universit\u00c3\u00a9 PSL, CNRS, Universit\u00c3\u00a9 Paris Cit\u00c3\u00a9, 5 Pl. Jules Janssen, 92190 Meudon, France; Sorbonne Universit\u00c3\u00a9, CNRS/IN2P3, Laboratoire de Physique Nucl\u00c3\u00a9aire et de Hautes \u00c3\u2030nergies, LPNHE, 4 place Jussieu, 75005 Paris, France; IRFU, CEA, Universit\u00c3\u00a9 Paris-Saclay, F-91191 Gif-sur-Yvette, France; University of Oxford, Department of Physics, Denys Wilkinson Building, Keble Road, Oxford OX1 3RH, UK; Friedrich-Alexander-Universit\""at Erlangen-N\""urnberg, Erlangen Centre for Astroparticle Physics, Nikolaus-Fiebiger-Str. 2, 91058 Erlangen, Germany; Instytut Fizyki J\text...adrowej PAN, ul. Radzikowskiego 152, 31-342 Krak\u00c3\u00b3w, Poland; School of Physics, University of the Witwatersrand, 1 Jan Smuts Avenue, Braamfontein, Johannesburg, 2050 South Africa; Laboratoire Univers et Particules de Montpellier, Universit\u00c3\u00a9 Montpellier, CNRS/IN2P3, CC 72, Place Eug\u00c3\u00a8ne Bataillon, F-34095 Montpellier Cedex 5, France; School of Physical Sciences, University of Adelaide, Adelaide 5005, Australia; Aix Marseille Universit\u00c3\u00a9, CNRS/IN2P3, CPPM, Marseille, France; School of Science, Western Sydney University, Locked Bag 1797, Penrith South DC, NSW 2751, Australia; Universit\u00c3\u00a9 Bordeaux, CNRS, LP2I Bordeaux, UMR 5797, F-33170 Gradignan, France; Institut f\""ur Astronomie und Astrophysik, Universit\""at T\""ubingen, Sand 1, D 72076 T\""ubingen, Germany; Universit\""at Innsbruck, Institut f\""ur Astro- und Teilchenphysik, Technikerstra\u00c3\u0178e 25, 6020 Innsbruck, Austria; Universit\""at Hamburg, Institut f\""ur Experimentalphysik, Luruper Chaussee 149, D 22761 Hamburg, Germany; Obserwatorium Astronomiczne, Uniwersytet Jagiello\u00c3\u00b1ski, ul. Orla 171, 30-244 Krak\u00c3\u00b3w, Poland; Institute of Astronomy, Faculty of Physics, Astronomy and Informatics, Nicolaus Copernicus University, Grudziadzka 5, 87-100 Torun, Poland; University of Namibia, Department of Physics, Private Bag 13301, Windhoek 10005, Namibia; Department of Physics, Konan University, 8-9-1 Okamoto, Higashinada, Kobe, Hyogo 658-8501, Japan; RIKEN, 2-1 Hirosawa, Wako, Saitama 351-0198, Japan""]","[""Ireland; Germany; Armenia; Germany; Netherlands; France; Germany; Germany; France; Sweden; Germany; South Africa; France; France; France; United Kingdom; Germany; Poland; South Africa; France; Australia; France; Australia; France; Germany; Austria; Germany; Poland; Namibia; Japan; Japan""]",Ireland; Germany; Armenia; Germany; Netherlands; France; Germany; Germany; France; Sweden; Germany; South Africa; France; France; France; United Kingdom; Germany; Poland; South Africa; France; Australia; France; Australia; France; Germany; Austria; Germany; Poland; Namibia; Japan; Japan
52,2501.12230,"[""Suma Murthy"", ""Raffaella Morganti"", ""Tom Oosterloo"", ""Dipanjan Mukherjee"", ""Suude Bayram"", ""Pierre Guillard"", ""Alexander Y. Wagner"", ""Geoffrey Bicknell""]","[""Joint Institute for VLBI ERIC, Oude Hoogeveensedijk 4, 7991 PD Dwingeloo, The Netherlands.; ASTRON, The Netherlands Institute for Radio Astronomy, Oude Hoogeveensedijk 4, 7991 PD Dwingeloo, The Netherlands.; Kapteyn Astronomical Institute, University of Groningen, P.O. Box 800, 9700 AV Groningen, The Netherlands."", ""ASTRON, The Netherlands Institute for Radio Astronomy, Oude Hoogeveensedijk 4, 7991 PD Dwingeloo, The Netherlands.; Kapteyn Astronomical Institute, University of Groningen, P.O. Box 800, 9700 AV Groningen, The Netherlands."", ""ASTRON, The Netherlands Institute for Radio Astronomy, Oude Hoogeveensedijk 4, 7991 PD Dwingeloo, The Netherlands.; Kapteyn Astronomical Institute, University of Groningen, P.O. Box 800, 9700 AV Groningen, The Netherlands."", ""Inter-University Centre for Astronomy and Astrophysics, Post Bag 4, Pune - 411007, India."", ""Astronomy and Space Sciences Department Faculty of Science, Erciyes University 38039, Kayseri, T\u00c3\u00bcrkiye.; ASTRON, The Netherlands Institute for Radio Astronomy, Oude Hoogeveensedijk 4, 7991 PD Dwingeloo, The Netherlands."", ""Sorbonne Universit\u00c3\u00a9, CNRS, UMR 7095, Institut d\u00e2\u20ac\u2122Astrophysique de Paris, 98 bis bd Arago, 75014 Paris, France.; Institut Universitaire de France, Minist\u00c3\u00a8re de l\u00e2\u20ac\u2122Enseignement Sup\u00c3\u00a9rieur et de la Recherche, 1 rue Descartes, 75231 Paris Cedex F-05, France."", ""Center for Computational Sciences, University of Tsukuba, 1-1-1 Tennodai, Tsukuba, Ibaraki, 3058577"", ""Australian National University, Research School of Astronomy and Astrophysics, Cotter Rd., Weston, ACT 2611, Australia""]","[""Netherlands; Netherlands; Netherlands"", ""Netherlands; Netherlands"", ""Netherlands; Netherlands"", ""India"", ""Turkey; Netherlands"", ""France; France"", ""Japan"", ""Australia""]",Netherlands
53,2501.12223,"[""Joel H. Kastner"", ""David J. Wilner"", ""Diana Ryder"", ""Paula Moraga Baez"", ""Orsola De Marco"", ""Raghvendra Sahai"", ""Al Wootten"", ""Albert Zijlstra""]","[""Center for Imaging Science, Rochester Institute of Technology, Rochester NY 14623, USA; jhk@cis.rit.edu; School of Physics and Astronomy, Rochester Institute of Technology; Laboratory for Multiwavelength Astrophysics, Rochester Institute of Technology"", ""Center for Astrophysics, Harvard & Smithsonian, 60 Garden Street, Cambridge, MA 02138-1516, USA"", ""School of Physics and Astronomy, Rochester Institute of Technology"", ""School of Physics and Astronomy, Rochester Institute of Technology"", ""School of Mathematical and Physical Sciences, Macquarie University, Sydney, New South Wales, Australia; Astronomy, Astrophysics and Astrophotonics Research Centre, Macquarie University, Sydney, New South Wales, Australia"", ""Jet Propulsion Laboratory, California Institute of Technology, 4800 Oak Grove Drive, Pasadena, CA 91109, USA"", ""National Radio Astronomy Observatory, Charlottesville, VA 22903, USA"", ""Jodrell Bank Center for Astrophysics, The University of Manchester, Oxford Road, Manchester M13 9PL, UK""]","[""USA; USA; USA"", ""USA"", ""USA"", ""USA"", ""Australia; Australia"", ""USA"", ""USA"", ""United Kingdom""]",USA
55,2501.12190,"[""Tuomo Salmi"", ""Bas Dorsman"", ""Anna L. Watts"", ""Anna Bobrikova"", ""Alessandro Di Marco"", ""Vladislav Loktev"", ""Alessandro Papitto"", ""Maura Pilia"", ""Juri Poutanen"", ""John Rankin""]","[""Anton Pannekoek Institute for Astronomy, University of Amsterdam, Science Park 904, 1098XH Amsterdam, the Netherlands; Department of Physics, P.O. Box 64, FI-00014 University of Helsinki, Finland"", ""Anton Pannekoek Institute for Astronomy, University of Amsterdam, Science Park 904, 1098XH Amsterdam, the Netherlands"", ""Anton Pannekoek Institute for Astronomy, University of Amsterdam, Science Park 904, 1098XH Amsterdam, the Netherlands"", ""Department of Physics and Astronomy, FI-20014 University of Turku, Finland"", ""INAF Istituto di Astrofisica e Planetologia Spaziali, Via del Fosso del Cavaliere 100, 00133 Roma, Italy"", ""Department of Physics, P.O. Box 64, FI-00014 University of Helsinki, Finland; Department of Physics and Astronomy, FI-20014 University of Turku, Finland"", ""INAF Osservatorio Astronomico di Roma, Via Frascati 33, 00078 Monte Porzio Catone (RM), Italy"", ""INAF Osservatorio Astronomico di Cagliari, Via della Scienza 5, 09047 Selargius (CA), Italy"", ""Department of Physics and Astronomy, FI-20014 University of Turku, Finland; Space Research Institute, Russian Academy of Sciences, Profsoyuznaya 84/32, Moscow 117997, Russia"", ""INAF Osservatorio Astronomico di Brera, Via E. Bianchi 46, 23807 Merate, Italy""]","[""Netherlands; Finland"", ""Netherlands"", ""Netherlands"", ""Finland"", ""Italy"", ""Finland; Finland"", ""Italy"", ""Italy"", ""Finland; Russia"", ""Italy""]",Netherlands; Finland
56,2501.12168,"[""G. F. Paraschos"", ""L. C. Debbrecht"", ""J. A. Kramer"", ""E. Traianou"", ""I. Liodakis"", ""T. Krichbaum"", ""J.-Y. Kim"", ""M. Janssen"", ""D. G. Nair"", ""T. Savolainen"", ""E. Ros"", ""U Bach"", ""J. A. Hodgson"", ""M. Lisakov"", ""N. R. MacDonald"", ""J. A. Zensus""]","[""Max-Planck-Institut f\u00c3\u00bcr Radioastronomie, Auf dem H\u00c3\u00bcgel 69, D-53121 Bonn, Germany; Theoretical Division, Los Alamos National Laboratory, Los Alamos, NM 87545, USA; Instituto de Astrof\u00c3\u00adsica de Andaluc\u00c3\u00ada-CSIC, Glorieta de la Astronom\u00c3\u00ada s/n, E-18008 Granada, Spain; NASA Marshall Space Flight Center, Huntsville, AL 35812, USA; Institute of Astrophysics, Foundation for Research and Technology, Hellas, Heraklion 7110, Greece; Department of Physics, Ulsan National Institute of Science and Technology (UNIST), 50 UNIST-gil, Eonyang-eup, Ulju-gun, Ulsan 44919, Republic of Korea; Department of Astrophysics, Institute for Mathematics, Astrophysics and Particle Physics (IMAPP), Radboud University, PO Box 9010, 6500 GL Nijmegen, The Netherlands; Astronomy Department, Universidad de Concepci\u00c3\u00b3n, Casilla 160-C, Concepci\u00c3\u00b3n, Chile; Aalto University Department of Electronics and Nanoengineering, PL 15500, 00076 Aalto, Finland; Aalto University Mets\u00c3\u00a4hovi Radio Observatory, Mets\u00c3\u00a4hovi 114, 02540 Kylm\u00c3\u00a4l\u00c3\u00a4, Finland; Dept. of Physics & Astronomy, Sejong University, Guangjin-gu, Seoul 05006, Republic of Korea; Instituto de F\u00c3\u00adsica, Pontificia Universidad Cat\u00c3\u00b3lica de Valpara\u00c3\u00adso, Casilla 4059, Valpara\u00c3\u00adso, Chile; Department of Physics and Astronomy, The University of Mississippi, University, Mississippi 38677, USA; Max-Planck-Institut f\u00c3\u00bcr Radioastronomie, Auf dem H\u00c3\u00bcgel 69, D-53121 Bonn, Germany"", ""Max-Planck-Institut f\u00c3\u00bcr Radioastronomie, Auf dem H\u00c3\u00bcgel 69, D-53121 Bonn, Germany"", ""Max-Planck-Institut f\u00c3\u00bcr Radioastronomie, Auf dem H\u00c3\u00bcgel 69, D-53121 Bonn, Germany; Theoretical Division, Los Alamos National Laboratory, Los Alamos, NM 87545, USA"", ""Max-Planck-Institut f\u00c3\u00bcr Radioastronomie, Auf dem H\u00c3\u00bcgel 69, D-53121 Bonn, Germany; Instituto de Astrof\u00c3\u00adsica de Andaluc\u00c3\u00ada-CSIC, Glorieta de la Astronom\u00c3\u00ada s/n, E-18008 Granada, Spain"", ""Max-Planck-Institut f\u00c3\u00bcr Radioastronomie, Auf dem H\u00c3\u00bcgel 69, D-53121 Bonn, Germany; NASA Marshall Space Flight Center, Huntsville, AL 35812, USA; Institute of Astrophysics, Foundation for Research and Technology, Hellas, Heraklion 7110, Greece"", ""Max-Planck-Institut f\u00c3\u00bcr Radioastronomie, Auf dem H\u00c3\u00bcgel 69, D-53121 Bonn, Germany"", ""Max-Planck-Institut f\u00c3\u00bcr Radioastronomie, Auf dem H\u00c3\u00bcgel 69, D-53121 Bonn, Germany; Department of Physics, Ulsan National Institute of Science and Technology (UNIST), 50 UNIST-gil, Eonyang-eup, Ulju-gun, Ulsan 44919, Republic of Korea"", ""Max-Planck-Institut f\u00c3\u00bcr Radioastronomie, Auf dem H\u00c3\u00bcgel 69, D-53121 Bonn, Germany; Department of Astrophysics, Institute for Mathematics, Astrophysics and Particle Physics (IMAPP), Radboud University, PO Box 9010, 6500 GL Nijmegen, The Netherlands"", ""Astronomy Department, Universidad de Concepci\u00c3\u00b3n, Casilla 160-C, Concepci\u00c3\u00b3n, Chile"", ""Max-Planck-Institut f\u00c3\u00bcr Radioastronomie, Auf dem H\u00c3\u00bcgel 69, D-53121 Bonn, Germany; Aalto University Department of Electronics and Nanoengineering, PL 15500, 00076 Aalto, Finland; Aalto University Mets\u00c3\u00a4hovi Radio Observatory, Mets\u00c3\u00a4hovi 114, 02540 Kylm\u00c3\u00a4l\u00c3\u00a4, Finland"", ""Max-Planck-Institut f\u00c3\u00bcr Radioastronomie, Auf dem H\u00c3\u00bcgel 69, D-53121 Bonn, Germany"", ""Max-Planck-Institut f\u00c3\u00bcr Radioastronomie, Auf dem H\u00c3\u00bcgel 69, D-53121 Bonn, Germany"", ""Dept. of Physics & Astronomy, Sejong University, Guangjin-gu, Seoul 05006, Republic of Korea"", ""Max-Planck-Institut f\u00c3\u00bcr Radioastronomie, Auf dem H\u00c3\u00bcgel 69, D-53121 Bonn, Germany; Instituto de F\u00c3\u00adsica, Pontificia Universidad Cat\u00c3\u00b3lica de Valpara\u00c3\u00adso, Casilla 4059, Valpara\u00c3\u00adso, Chile"", ""Department of Physics and Astronomy, The University of Mississippi, University, Mississippi 38677, USA"", ""Max-Planck-Institut f\u00c3\u00bcr Radioastronomie, Auf dem H\u00c3\u00bcgel 69, D-53121 Bonn, Germany""]","[""Germany; USA; Spain; USA; Greece; South Korea; Netherlands; Chile; Finland; Finland; South Korea; Chile; USA; Germany"", ""Germany"", ""Germany; USA"", ""Germany; Spain"", ""Germany; USA; Greece"", ""Germany"", ""Germany; South Korea"", ""Germany; Netherlands"", ""Chile"", ""Germany; Finland; Finland"", ""Germany"", ""Germany"", ""South Korea"", ""Germany; Chile"", ""USA"", ""Germany""]",Germany; USA; Spain; USA; Greece; South Korea; Netherlands; Chile; Finland; Finland; South Korea; Chile; USA; Germany
57,2501.12143,"[""M. Rigoselli""]","[""INAF OA-Brera, via Brera, 28\\ Milano 20121, Italy; INAF IASF-Milano, via A. Corti, 15\\ Milano 20133, Italy""]","[""Italy; Italy""]",Italy
59,2501.12065,"[""Sovan Boxi"", ""Saptarshi Ghosh"", ""Nayantara Gupta""]","[""Raman Research Institute \\ C. V. Raman Avenue, 5th Cross Road, Sadashivanagar, Bengaluru, Karnataka 560080, India"", ""Astroparticule et Cosmologie, Universit\u00c3\u00a9 Paris Cit\u00c3\u00a9, Paris 75013, France"", ""Raman Research Institute \\ C. V. Raman Avenue, 5th Cross Road, Sadashivanagar, Bengaluru, Karnataka 560080, India""]","[""India"", ""France"", ""India""]",India
58,2501.12138,"[""Mark Gieles"", ""Paolo Padoan"", ""Corinne Charbonnel"", ""Jorick S. Vink"", ""Laura Ram\u00c3\u00adrez-Galeano""]","[""ICREA, Pg. Llu\u00c3\u00ads Companys 23, E08010 Barcelona, Spain,; Institut de Ci\u00c3\u00a8ncies del Cosmos (ICCUB), Universitat de Barcelona (UB), c. Mart\u00c3\u00ad i Franqu\u00c3\u00a8s, 1, 08028 Barcelona, Spain; Department of Physics and Astronomy, Dartmouth College, 6127 Wilder Laboratory, Hanover, 03755, NH, USA; Department of Astronomy, University of Geneva, Chemin des Maillettes 51, CH-1290 Versoix, Switzerland; IRAP, Universit\u00c3\u00a9 de Toulouse, CNRS, Observatoire Midi Pyr\u00c3\u00a9n\u00c3\u00a9es, 57 Avenue d\u00e2\u20ac\u2122Azereix, 65008 Tarbes, France; Armagh Observatory, College Hill, Armagh, BT61 9DG, Northern Ireland, UK"", ""Institut de Ci\u00c3\u00a8ncies del Cosmos (ICCUB), Universitat de Barcelona (UB), c. Mart\u00c3\u00ad i Franqu\u00c3\u00a8s, 1, 08028 Barcelona, Spain; Department of Physics and Astronomy, Dartmouth College, 6127 Wilder Laboratory, Hanover, 03755, NH, USA"", ""Department of Astronomy, University of Geneva, Chemin des Maillettes 51, CH-1290 Versoix, Switzerland; IRAP, Universit\u00c3\u00a9 de Toulouse, CNRS, Observatoire Midi Pyr\u00c3\u00a9n\u00c3\u00a9es, 57 Avenue d\u00e2\u20ac\u2122Azereix, 65008 Tarbes, France"", ""Armagh Observatory, College Hill, Armagh, BT61 9DG, Northern Ireland, UK"", ""Department of Astronomy, University of Geneva, Chemin des Maillettes 51, CH-1290 Versoix, Switzerland""]","[""Spain; Spain; USA; Switzerland; France; United Kingdom"", ""Spain; USA"", ""Switzerland; France"", ""United Kingdom"", ""Switzerland""]",Spain; USA; Switzerland; France; United Kingdom
