Author,Affiliation
John K. Nino,Not Found
Matthew VanDyke,Not Found
Kexuan Wu,Not Found
Sukanta Bose,Not Found
Akke Corporaal,Not Found
Toon De Prins,Not Found
Léa Planquart,Not Found
Kateryna Andrych,Not Found
Narsireddy Anugu,Not Found
Devika Kamath,Not Found
Jens Kammerer,Not Found
Stefan Kraus,Not Found
Fonteini Lykou,Not Found
Alexis Matter,Not Found
Claudia Paladini,Not Found
Marie M. Rodríguez S.,Not Found
Hans Van Winckel,Not Found
Yutaka Fujita,Not Found
Rohta Takahashi,Not Found
Norita Kawanaka,Not Found
Matteo Cantiello,Not Found
Jake B. Hassan,Not Found
Rosalba Perna,Not Found
Philip J. Armitage,Not Found
Mitchell C. Begelman,Not Found
Yan-Fei Jiang,Not Found
Taeho Ryu,Not Found
Richard H. D. Townsend,Not Found
Maria Ramos,Not Found
Timothy Cohen,Not Found
Mariangela Lisanti,Not Found
M. Grant Roberts,Not Found
Aarna Garg,Not Found
Tesla Jeltema,Not Found
Stefano Profumo,Not Found
A. Damonte,Not Found
I. Pillitteri,Not Found
A. Maggio,Not Found
A. García Muñoz,Not Found
G. Micela,Not Found
Alison L. Coil,Not Found
David S. N. Rupke,Not Found
Serena Perrotta,Not Found
Saloni Agrawal,Not Found
Cassandra Lochhaas,Not Found
Joyful E. Mdhluli,Not Found
J. de la Cruz Rodríguez,Not Found
G. B. Scharmer,Not Found
P. Sütterlin,Not Found
J. Leenaarts,Not Found
M. G. Löfdahl,Not Found
D. Kiselman,Not Found
T. Hillberg,Not Found
O. Andriienko,Not Found
Tyler Gorda,Not Found
Oleg Komoltsev,Not Found
Aleksi Kurkela,Not Found
Eirik Sunde,Not Found
Annagrazia Puglisi,Not Found
Amelia Bayo,Not Found
Laurane Freour,Not Found
Daniela Iglesias,Not Found
Akhil Krishna,Not Found
Fatemeh Zahra Majidi,Not Found
Umberto Rescigno,Not Found
Sabine Thater,Not Found
Laurence Tresse,Not Found
Tanya Urrutia,Not Found
Owen S. Matthews Acuña,Not Found
Christy A. Tremonti,Not Found
Kyle B. Westfall,Not Found
Shea DeFour-Remy,Not Found
Aleksandar M. Diamond-Stanic,Not Found
Zach J. Lewis,Not Found
Britt Lundgren,Not Found
Drake Miller III,Not Found
Lizhou Sha,Not Found
Emre Isik,Not Found
Sami K. Solanki,Not Found
Natalie A. Krivova,Not Found
Alexander I. Shapiro,Not Found
Richard A. Shaw,Not Found
Jenny L. Novacescu,Not Found
Sarah Weissman,Not Found
Travis A. Berger,Not Found
Clara E. Brasseur,Not Found
Jeff Chamblee,Not Found
Brian Cherinka,Not Found
Zachary R. Claytor,Not Found
Theresa Dower,Not Found
Chinwe Edeani,Not Found
Scott W. Fleming,Not Found
Jonathan R. Hargis,Not Found
Julie Imig,Not Found
Tim Januario,Not Found
Karen Levay,Not Found
Tim Kimball,Not Found
Jenn Kotler,Not Found
Hannah M. Lewis,Not Found
Steve Lubow,Not Found
Adrian Lucy,Not Found
Brian McLean,Not Found
Sunita G. Malla,Not Found
Jacob Matuskey,Not Found
Sophie J. Miller,Not Found
Susan E. Mullally,Not Found
Claire E. Murray,Not Found
J. E. G. Peek,Not Found
Carlita Phillip,Not Found
Marc Rafelski,Not Found
David R. Rodriguez,Not Found
Gregory F. Snyder,Not Found
Achu J. Usha,Not Found
Richard L. White,Not Found
Jinmi Yoon,Not Found
Yurou Liu,Not Found
Tiger Lu,Not Found
Malena Rice,Not Found
Sofia Z. Sheikh,Not Found
Valeria Garcia Lopez,Not Found
Isabel Gerrard,Not Found
James R. A. Davenport,Not Found
Wael Farah,Not Found
Blayne Griffin,Not Found
Steve Croft,Not Found
Luigi F. Cruz,Not Found
Imke de Pater,Not Found
Ben Jacobson-Bell,Not Found
Mark Masters,Not Found
Karen I. Perez,Not Found
Alexander W. Pollak,Not Found
Carol Shumaker,Not Found
Andrew Siemion,Not Found
Massimo Della Valle,Not Found
Maria Teresa Botticella,Not Found
Enrico Cappellaro,Not Found
Roberto Ragazzoni,Not Found
Matteo Aliverti,Not Found
Carmelo Arcidiacono,Not Found
Lorenzo Amati,Not Found
Andrea Baruffolo,Not Found
Maria Grazia Bernardini,Not Found
Giovanni Boato,Not Found
Fabrizio Bocchino,Not Found
Francesco Borsa,Not Found
Mohamed Yahia Bournane,Not Found
Enzo Brocato,Not Found
Giovanni Bruno,Not Found
Paolo D'Avanzo,Not Found
Nancy Elias-Rosa,Not Found
Silvio Di Rosa,Not Found
Diego Farias,Not Found
Jacopo Farinato,Not Found
Davide Greggio,Not Found
Adriano Ingallinera,Not Found
Luca Izzo,Not Found
Marco Limongi,Not Found
Demetrio Magrin,Not Found
Marco Marongiu,Not Found
Andrea Melandri,Not Found
Giusi Micela,Not Found
Matteo Murgia,Not Found
Valerio Nascimbeni,Not Found
Salvatore Orlando,Not Found
Antonino Petralia,Not Found
Vincenzo Petrecca,Not Found
Maura Pilia,Not Found
Silvia Piranomonte,Not Found
Andrea Possenti,Not Found
Kalyan Radhakrishnan,Not Found
Oleksandra Rebrysh,Not Found
Simone Riggi,Not Found
Irene Salmaso,Not Found
Giovanni Scandariato,Not Found
Corrado Trigilio,Not Found
Simone Zaggia,Not Found
Amna Ejaz,Not Found
Sarah Dodson-Robinson,Not Found
Charlotte Haley,Not Found
Crescenzo Tortora,Not Found
Daniela Carollo,Not Found
Leslie Hunt,Not Found
Francine Marleau,Not Found
Rossella Ragusa,Not Found
Teymoor Saifollahi,Not Found
Fernando Buitrago,Not Found
Michele Cantiello,Not Found
Christopher Conselice,Not Found
Francesco De Paolis,Not Found
Sven De Rijcke,Not Found
Pierre-Alain Duc,Not Found
Anna Gallazzi,Not Found
Pavel E. Mancera Piña,Not Found
Anna Ferre Mateu,Not Found
Garreth Martin,Not Found
Mar Mezcua,Not Found
Nicola R. Napolitano,Not Found
Lucia Pozzetti,Not Found
Justin Read,Not Found
Marina Rejkuba,Not Found
Joanna Sakowska,Not Found
Paolo Salucci,Not Found
Elham Saremi,Not Found
Diana Scognamiglio,Not Found
Francesco Shankar,Not Found
Marilena Spavone,Not Found
Euclid Local Universe SWG,Not Found
Hai-Cheng Feng,Not Found
Sha-Sha Li,Not Found
Mouyuan Sun,Not Found
Ciro Pinto,Not Found
Shuying Zhou,Not Found
Yerong Xu,Not Found
J. M. Bai,Not Found
Elena Dalla Bontà,Not Found
ZhongNan Dong,Not Found
Neeraj Kumari,Not Found
Jiaqi Lin,Not Found
H. T. Liu,Not Found
Kai-Xing Lu,Not Found
Bin Ma,Not Found
Ji-Rong Mao,Not Found
Emanuele Nardini,Not Found
Enrico Piconcelli,Not Found
Fabio Pintore,Not Found
Jian-Guo Wang,Not Found
Ding-Rong Xiong,Not Found
Ryuichiro Hada,Not Found
Paul Martini,Not Found
David H. Weinberg,Not Found
Zheng Zheng,Not Found
J. Aguilar,Not Found
S. Ahlen,Not Found
D. Bianchi,Not Found
D. Brooks,Not Found
T. Claybaugh,Not Found
A. Cuceu,Not Found
A. de la Macorra,Not Found
S. Ferraro,Not Found
A. Font-Ribera,Not Found
J. E. Forero-Romero,Not Found
E. Gaztañaga,Not Found
G. Gutierrez,Not Found
J. Guy,Not Found
H. K. Herrera-Alcantar,Not Found
K. Honscheid,Not Found
M. Ishak,Not Found
R. Joyce,Not Found
D. Kirkby,Not Found
T. Kisner,Not Found
A. Kremin,Not Found
C. Lamman,Not Found
M. Landriau,Not Found
L. Le Guillou,Not Found
A. Meisner,Not Found
R. Miquel,Not Found
A. Muñoz-Gutiérrez,Not Found
N. Palanque-Delabrouille,Not Found
W. J. Percival,Not Found
C. Poppett,Not Found
F. Prada,Not Found
I. Pérez-Ràfols,Not Found
G. Rossi,Not Found
E. Sanchez,Not Found
D. Schlegel,Not Found
M. Schubnell,Not Found
J. Silber,Not Found
D. Sprayberry,Not Found
G. Tarlé,Not Found
B. A. Weaver,Not Found
H. Zou,Not Found
Ruiting Mao,Not Found
Jeong Eun Lee,Not Found
Matthew C. Edwards,Not Found
V. I. Berezhiani,Not Found
N. L. Shatashvili,Not Found
A. G. Tevzadze,Not Found
John C. Forbes,Not Found
Harvey Butler,Not Found
Nicola Borghi,Not Found
Michele Moresco,Not Found
Richard I. Anderson,Not Found
Carmelita Carbone,Not Found
Andrea Cimatti,Not Found
Stephanie Escoffier,Not Found
Carlo Giocoli,Not Found
Sean MacBride,Not Found
Fatemeh Zahra Majidi,Not Found
Dinko Milaković,Not Found
Lauro Moscardini,Not Found
Lucia Pozzetti,Not Found
Margherita Talia,Not Found
Elena Tomasetti,Not Found
LHAASO collabration,Not Found
Tanya Urrutia,Not Found
Darshan Kakkad,Not Found
Paula Sánchez-Sáez,Not Found
Mojtaba Raouf,Not Found
Swayamtrupta Panda,Not Found
Sarah E. I. Bosman,Not Found
Francisco Pozo Nunez,Not Found
Annagrazia Puglisi,Not Found
Sophia Flury,Not Found
Dragana Ilic,Not Found
Andjelka B. Kovacevic,Not Found
Mamta Pandey-Pommier,Not Found
Giustina Vietri,Not Found
Sarath Satheesh-Sheeba,Not Found
Francesco Salvestrini,Not Found
Susanna Bisogni,Not Found
Eduardo Bañados,Not Found
Ana Monreal Ibero,Not Found
Sabine Thater,Not Found
Pratika Dayal,Not Found
Filippo D'Ammando,Not Found
José Afonso,Not Found
Paramita Barai,Not Found
Valentin Ivanov,Not Found
Mina Alizadeh,Not Found
Yousefali Abedini,Not Found
Hedieh Abdollahi,Not Found
C. Swastik,Not Found
Zahed Wahhaj,Not Found
Myriam Benisty,Not Found
Saksham Arora,Not Found
Christian Ginski,Not Found
Bin B. Ren,Not Found
R. G. van Holstein,Not Found
Rob de Rosa,Not Found
Ravinder K Banyal,Not Found
Ryo Tazaki,Not Found
Mihailo M. Martinović,Not Found
Kristopher G. Klein,Not Found
Leon Ofman,Not Found
Yogesh,"Department of Botany, Yuvaraja's College, University of Mysore, Mysuru, 570005, Karnataka, India"
Jaye L. Verniero,Not Found
Peter H. Yoon,Not Found
Gregory G. Howes,Not Found
Daniel Verscharen,Not Found
Benjamin L. Alterman,Not Found
Nikita Kosogorov,Not Found
Gregg Hallinan,Not Found
Casey Law,Not Found
Jack Hickish,Not Found
Jayce Dowell,Not Found
Kunal P. Mooley,Not Found
Marin M. Anderson,Not Found
Judd D. Bowman,Not Found
Ruby Byrne,Not Found
Morgan Catha,Not Found
Bin Chen,"The Institute of Seawater Desalination and Multipurpose Utilization, MNR, Tianjin 300192, PR China"
Xingyao Chen,Not Found
Sherry Chhabra,Not Found
Larry D'Addario,Not Found
Ivey Davis,Not Found
Katherine Elder,Not Found
Dale Gary,Not Found
Charlie Harnach,Not Found
Greg Hellbourg,Not Found
Rick Hobbs,Not Found
David Hodge,Not Found
Mark Hodges,Not Found
Yuping Huang,Not Found
Andrea Isella,Not Found
Daniel C. Jacobs,Not Found
Ghislain Kemby,Not Found
John T. Klinefelter,Not Found
Matthew Kolopanis,Not Found
James Lamb,Not Found
Nivedita Mahesh,Not Found
Surajit Mondal,Not Found
Brian O'Donnell,Not Found
Kathryn Plant,Not Found
Corey Posner,Not Found
Travis Powell,Not Found
Vinand Prayag,Not Found
Andres Rizo,Not Found
Andrew Romero-Wolf,Not Found
Jun Shi,Not Found
Greg Taylor,Not Found
Jordan Trim,Not Found
Mike Virgin,Not Found
Akshatha Vydula,Not Found
Sandy Weinreb,Not Found
Scott White,Not Found
David Woody,Not Found
Sijie Yu,Not Found
Thomas Zentmeyer,Not Found
Peijin Zhang,Not Found
Zcahary Slepian,Not Found
Alessandro Greco,Not Found
Qiyuan Wang,Not Found
Giovanni Motta,Not Found
Genaro Sucarrat,Not Found
Vinay L. Kashyap,Not Found
Zhenwei Li,Not Found
Shi Jia,Not Found
Dandan Wei,Not Found
Hongwei Ge,Not Found
Hailiang Chen,Not Found
Yangyang Zhang,Not Found
Xuefei Chen,Not Found
Zhanwen Han,Not Found
Nitya Ravi,Not Found
Kelly A. Douglass,Not Found
Regina Demina,Not Found
Yingli Cui,Not Found
Xiangliang Kong,Not Found
Zhentong Li,Not Found
Bing Wang,Not Found
Yadan Duan,Not Found
Ze Zhong,Not Found
Hao Ning,Not Found
Zhao Wu,Not Found
Manqing Wang,Not Found
Yang Liu,Not Found
Feiyu Yu,Not Found
Zelong Jiang,Not Found
Wei Chen,Not Found
Yang Su,Not Found
Yao Chen,Not Found
Lijuan Liu,Not Found
Hanzhao Yang,Not Found
Hai-Feng Wang,Not Found
Guan-Yu Wang,Not Found
Giovanni Carraro,Not Found
Yuan-Sen Ting,Not Found
Thor Tepper-Garcia,Not Found
Joss Bland-Hawthorn,Not Found
Jeffrey Carlin,Not Found
Yang-Ping Luo,Not Found
Hai-Feng Wang,Not Found
Xiao Han,Not Found
Giovanni Carraro,Not Found
Martin Lopez-Corredoira,Not Found
Yuan-Sen Ting,Not Found
Guan-Yu Wang,Not Found
M. Kachelriess,Not Found
E. Lammert,Not Found
Andrea Gokus,Not Found
Rebecca Phillipson,Not Found
Ronaldo Laishram,Not Found
Yusei Koyama,Not Found
Abdurrahman Naufal,Not Found
Tadayuki Kodama,Not Found
Rhythm Shimakawa,Not Found
Kazuki Daikuhara,Not Found
Helmut Dannerbauer,Not Found
Jose Manuel Pérez-Martínez,Not Found
Pablo G. Pérez-González,Not Found
Alberto Sesana,Not Found
Daniel G. Figueroa,Not Found
F. Gutiérrez-Canales,Not Found
R. Samadi,Not Found
A. Birch,Not Found
J. Cabrera,Not Found
C. Damiani,Not Found
P. Guterman,Not Found
C. Paproth,Not Found
M. Pertenais,Not Found
A. Santerne,Not Found
Tian-ye Xia,Not Found
Juntai Shen,Not Found
John Magorrian,Not Found
Yu-jing Qin,Not Found
Lauren McClure,Not Found
Suzana Silva,Not Found
Gary Verth,Not Found
Istvan Ballai,Not Found
Viktor Fedun,Not Found
Tylor Adkins,Not Found
Shahed Shayan Arani,Not Found
Kam Arnold,Not Found
Carlo Baccigalupi,Not Found
Darcy R. Barron,Not Found
Bryce Bixler,Not Found
Yuji Chinone,Not Found
Matthew R. Chu,Not Found
Kevin T. Crowley,Not Found
Nicole Farias,Not Found
Takuro Fujino,Not Found
Masaya Hasegawa,Not Found
Masashi Hazumi,Not Found
Haruaki Hirose,Not Found
Jennifer Ito,Not Found
Oliver Jeong,Not Found
Daisuke Kaneko,Not Found
Brian Keating,Not Found
Akito Kusaka,Not Found
Adrian T. Lee,Not Found
Masaaki Murata,Not Found
Lucio Piccirillo,Not Found
Christian L. Reichardt,Not Found
Kana Sakaguri,Not Found
Praween Siritanasak,Not Found
Satoru Takakura,Not Found
Sayuri Takatori,Not Found
Osamu Tajima,Not Found
Kyohei Yamada,Not Found
Yuyang Zhou,Not Found
Nitin Shukla,Not Found
Alessandro Romeo,Not Found
Caterina Caravita,Not Found
Lubomir Riha,Not Found
Ondrej Vysocky,Not Found
Petr Strakos,Not Found
Milan Jaros,Not Found
João Barbosa,Not Found
Radim Vavrik,Not Found
Andrea Mignone,Not Found
Marco Rossazza,Not Found
Stefano Truzzi,Not Found
Vittoria Berta,Not Found
Iacopo Colonnelli,Not Found
Doriana Medić,Not Found
Elisabetta Boella,Not Found
Daniele Gregori,Not Found
Eva Sciacca,Not Found
Luca Tornatore,Not Found
Giuliano Taffoni,Not Found
Pranab J. Deka,Not Found
Fabio Bacchini,Not Found
Rostislav-Paul Wilhelm,Not Found
Georgios Doulis,Not Found
Khalil Pierre,Not Found
Luciano Rezzolla,Not Found
Tine Colman,Not Found
Benoît Commerçon,Not Found
Othman Bouizi,Not Found
Matthieu Kuhn,Not Found
Erwan Raffin,Not Found
Marc Sergent,Not Found
Robert Wissing,Not Found
Guillermo Marin,Not Found
Klaus Dolag,Not Found
Geray S. Karademir,Not Found
Gino Perna,Not Found
Marisa Zanotti,Not Found
Sebastian Trujillo-Gomez,Not Found
Valenitn D. Ivanov,Not Found
T. Shin,Not Found
E. J. Baxter,Not Found
E. Lee,Not Found
N. Battaglia,Not Found
A. Alarcon,Not Found
A. Amon,Not Found
M. Becker,Not Found
G. Bernstein,Not Found
J. R. Bond,Not Found
A. Campos,Not Found
C. Chang,Not Found
R. Chen,Not Found
A. Choi,Not Found
J. DeRose,Not Found
S. Dodelson,Not Found
C. Doux,Not Found
J. Dunkley,Not Found
J. Elvin-Poole,Not Found
J. H. Esteves,Not Found
S. Everett,Not Found
A. Ferté,Not Found
M. Gatti,Not Found
S. Grandis,Not Found
D. Gruen,Not Found
I. Harrison,Not Found
J. C. Hill,Not Found
M. Hilton,Not Found
M. Jarvis,Not Found
N. MacCrann,Not Found
J. McCullough,Not Found
K. Moodley,Not Found
T. Mroczkowski,Not Found
J. Myles,Not Found
A. Navarro Alsina,Not Found
A. Nicola,Not Found
L. Page,Not Found
S. Pandey,Not Found
J. Prat,Not Found
M. Raveri,Not Found
B. Ried Guachalla,Not Found
R. P. Rollins,Not Found
C. Sanchez,Not Found
L. F. Secco,Not Found
E. Sheldon,Not Found
C. Sifón,Not Found
M. Troxel,Not Found
I. Tutusaus,Not Found
A. von der Linden,Not Found
E. Wollack,Not Found
B. Yin,Not Found
M. Aguena,Not Found
S. S. Allam,Not Found
O. Alves,Not Found
F. Andrade-Oliveira,Not Found
D. Bacon,Not Found
S. Bocquet,Not Found
D. Brooks,Not Found
R. Camilleri,Not Found
A. Carnero Rosell,Not Found
J. Carretero,Not Found
F. J. Castander,Not Found
M. Costanzi,Not Found
L. da Costa,Not Found
M. E. da Silva Pereira,Not Found
T. Davis,Not Found
J. De Vicente,Not Found
S. Desai,Not Found
B. Flaugher,Not Found
J. Frieman,Not Found
J. Garcia-Bellido,Not Found
G. Gutierrez,Not Found
S. Hinton,Not Found
D. L. Hollowood,Not Found
D. Huterer,Not Found
D. James,Not Found
S. Lee,Not Found
J. Marshall,Not Found
J. Mena-Fernández,Not Found
F. Menanteau,Not Found
R. Miquel,Not Found
J. Mohr,Not Found
J. Muir,Not Found
R. Ogando,Not Found
A. Plazas Malagón,Not Found
A. Porredon,Not Found
K. Romer,Not Found
E. Sanchez,Not Found
D. Sanchez Cid,Not Found
I. Sevilla,Not Found
M. Smith,Not Found
M. Soares-Santos,Not Found
E. Suchyta,Not Found
M. Swanson,Not Found
C. To,Not Found
N. Weaverdyck,Not Found
J. Weller,Not Found
Pablo Granizo,Not Found
Yuri Oku,Not Found
Kentaro Nagamine,Not Found
Kshitiz K. Mallick,Not Found
Doris Arzoumanian,Not Found
Satoko Takahashi,Not Found
Ray S. Furuya,Not Found
Yoshiaki Misugi,Not Found
Yoshito Shimajiri,Not Found
Kate Pattle,Not Found
Shu-ichiro Inutsuka,Not Found
Suresh Kumar,Not Found
Shunshun Cao,Not Found
Yanjun Guo,Not Found
Jinchen Jiang,Not Found
Kejia Lee,Not Found
Weiyang Wang,Not Found
Renxin Xu,Not Found
Joanne Hughes,Not Found
Andrea Kunder,Not Found
Kevin Covey,Not Found
Kathryn Devine,Not Found
Kristen A. Larson,Not Found
Carlos Campos,Not Found
Adrian M. Price-Whelan,Not Found
Joseph E. McEwen,Not Found
Gabriel I. Perren,Not Found
Christian I. Johnson,Not Found
Craig Horton,Not Found
Luke Smith,Not Found
Sarah Torset,Not Found
Cynthia Luna,Not Found
Matthew Kolmanovsky,Not Found
Fiona Kovisto,Not Found
Leander Villarta,Not Found
Vy Vuong,Not Found
Iulia T. Simion,Not Found
Kyle Webster,Not Found
Erika Silva,Not Found
Catherine A. Pilachowski,Not Found
R. Michael Rich,Not Found
Justin A. Kader,Not Found
Andreas J. Koch-Hansen,Not Found
Meridith Joyce,Not Found
Sean McAdam,Not Found
Faith Benda,Not Found
Ryota Hatami,Not Found
Nozomu Tominaga,Not Found
Takashi Yoshida,Not Found
Hideyuki Umeda,Not Found
Tomoya Takiwaki,Not Found
Hironobu Nakata,Not Found
Shunsuke Adachi,Not Found
Kyohei Yamada,Not Found
Michael Randall,Not Found
Yutaro Kasai,Not Found
Kam Arnold,Not Found
Bryce Bixler,Not Found
Yuji Chinone,Not Found
Kevin T. Crowley,Not Found
Nadia Dachlythra,Not Found
Samuel Day-Weiss,Not Found
Nicholas Galitzki,Not Found
Serena Giardiello,Not Found
Bradley R. Johnson,Not Found
Brian Keating,Not Found
Brian J. Koopman,Not Found
Akito Kusaka,Not Found
Jack Lashner,Not Found
Federico Nati,Not Found
Lyman Page,Not Found
Daichi Sasaki,Not Found
Yoshinori Sueno,Not Found
Junya Suzuki,Not Found
Osamu Tajima,Not Found
Tran Tsan,Not Found
Xikai Shan,Not Found
Huan Yang,Not Found
Shude Mao,Not Found
Hanya Pan,Not Found
Astrid M. Veronig,Not Found
Rui Liu,Not Found
Amritansh Mehrotra,Not Found
S. K. J. Pacif,Not Found
A. F. Santos,Not Found
Jun Takeshita,Not Found
Yuichiro Cho,Not Found
Haruhisa Tabata,Not Found
Yoshio Takahashi,Not Found
Daigo Shoji,Not Found
Seiji Sugita,Not Found
Suman Kumar Mondal,Not Found
Takashi Shimonishi,Not Found
Soumen Mondal,Not Found
Prasanta Gorai,Not Found
Kei E. I. Tanaka,Not Found
Kenji Furuya,Not Found
Ankan Das,Not Found
Chiara De Leo,Not Found
Guadalupe Cañas-Herrera,Not Found
Anna Balaudo,Not Found
Matteo Martinelli,Not Found
Alessandra Silvestri,Not Found
Tessa Baker,Not Found
Fabrizio Tavecchio,Not Found
Dawoon E. Kim,Not Found
Gabriel Emery,Not Found
Ioannis Liodakis,Not Found
Iván Agudo,Not Found
Paolo Coppi,Not Found
Giampiero Tagliaferri,Not Found
Laura Di Gesu,Not Found
Tullia Sbarrato,Not Found
Lucia Ballo,Not Found
Alberto Sciaccaluga,Not Found
Steven R. Ehlert,Not Found
Giacomo Bonnoli,Not Found
Francisco José Aceituno,Not Found
Carolina Casadio,Not Found
Víctor Casanova,Not Found
Immacolata Donnarumma,Not Found
Juan Escudero,Not Found
Daniel Morcuende,Not Found
Jorge Otero-Santos,Not Found
Alfredo Sota,Not Found
Vilppu Piirola,Not Found
Pouya M. Kouch,Not Found
Elina Lindfors,Not Found
Kari Nilsson,Not Found
Ioannis Myserlis,Not Found
Mark Gurwell,Not Found
Garrett Keating,Not Found
Ramprasad Rao,Not Found
Emmanouil Angelakis,Not Found
Alexander Kraus,Not Found
Ryo Imazawa,Not Found
Mahito Sasada,Not Found
Yasushi Fukazawa,Not Found
Koji S. Kawabata,Not Found
Makoto Uemura,Not Found
Tsunefumi Mizuno,Not Found
Tatsuya Nakaoka,Not Found
Sumie Tochihara,Not Found
Takahiro Akai,Not Found
Hiroshi Akitaya,Not Found
Rumen Bachev,Not Found
Anton Strigachev,Not Found
Petra Benke,Not Found
Lena Debbrecht,Not Found
Julia Eich,Not Found
Florian Eppel,Not Found
Andrea Gokus,Not Found
Steven Hämmerich,Not Found
Jonas Heßdörfer,Not Found
Matthias Kadler,Not Found
Sanghyun Kim,Not Found
Dana Kirchner,Not Found
Georgios Filippos Paraschos,Not Found
Florian Rösch,Not Found
Wladislaw Schulga,Not Found
Can Güngör,Not Found
Songpeng Pei,Not Found
Xiaowan Zhang,Not Found
Renzhi Su,Not Found
Yongzhi Cai,Not Found
Ziwei Ou,Not Found
Qiang Li,Not Found
Xiaoqin Ren,Not Found
Taozhi Yang,Not Found
Mingyue Li,Not Found
Shubham Dey,Not Found
Sean N. Raymond,Not Found
Ryan Boukrouche,Not Found
Markus Janson,Not Found
Shidong Wang,Not Found
Hui Liu,Not Found
Ru-Shuang Zhao,Not Found
Baoqiang Lao,Not Found
Yong-Kun Zhang,Not Found
Y.F. Xiao,Not Found
Pei Wang,Not Found
Di Li,Not Found
R.W. Tian,Not Found
Z.F. Tu,Not Found
Q. Zhou,Not Found
Z.J. Zhang,Not Found
Qijun Zhi,Not Found
Shijun Dang,Not Found
Kun Yang,Not Found
Josephine Chishala,Not Found
Roberto De Propris,Not Found
Mirjana Pović,Not Found
Yao Chen,Not Found
Rui Luo,Not Found
Chen Wang,Not Found
Yong-Kun Zhang,Not Found
Shiqian Zhao,Not Found
Chengbing Lyu,Not Found
ZePeng Zheng,Not Found
Hai Lei,Not Found
DeJiang Zhou,Not Found
Chenhui Niu,Not Found
JinLin Han,Not Found
George Hobbs,Not Found
Di Li,Not Found
Chengwei Liang,Not Found
Siyi Tan,Not Found
Ting Tian,Not Found
Francesco Schiavone,Not Found
Leonardo Di Venere,Not Found
Francesco Giordano,Not Found
Kaustav Bhattacharjee,Not Found
Himanshu Grover,Not Found
P. Arumugam,Not Found
Saurabh Mittal,Not Found
Thomas Siegert,Not Found
Francesca Calore,Not Found
Pierluca Carenza,Not Found
Laura Eisenberger,Not Found
Maurizio Giannotti,Not Found
Alessandro Lella,Not Found
Alessandro Mirizzi,Not Found
Dimitris Tsatsis,Not Found
Hiroki Yoneda,Not Found
P. A. Duverne,Not Found
W. K. Mouici,Not Found
A. Coleiro,Not Found
J.-G. Ducoin,Not Found
M. W. Coughlin,Not Found
A. Sbaffoni,Not Found
J. Liske,Not Found
A.S.G. Robotham,Not Found
L.J.M. Davies,Not Found
S.P. Driver,Not Found
E.N. Taylor,Not Found
Laura Cotter,Not Found
Antonio Martin Carrillo,Not Found
Joseph Fisher,Not Found
Gabriel Finneran,Not Found
Gregory Corcoran,Not Found
Jennifer Lebron,Not Found
Xiao-Bin Chen,Not Found
Ruo-Yu Liu,Not Found
Xiang-Yu Wang,Not Found
H.A. Harutyunian,Not Found
E.H. Nikogosyan,Not Found
Borja Anguiano,Not Found
David Valls-Gabaud,Not Found
Andrés del Pino,Not Found
Guillaume F. Thomas,Not Found
Alberto M. Martínez-García,Not Found
Ivan Minchev,Not Found
Patricia Sanchez-Blazquez,Not Found
Danny Horta,Not Found
Erdem Sucu,Not Found
Izzet Sakallı,Not Found
Orhan Donmez,Not Found
G. Mustafa,Not Found
E. De Rubeis,Not Found
M. Bondi,Not Found
A. Botteon,Not Found
R. J. van Weeren,Not Found
J. M. G. H. J. de Jong,Not Found
G. Brunetti,Not Found
L. Rudnick,Not Found
M. Brüggen,Not Found
L. Bruno,Not Found
E. L. Escott,Not Found
C. Gheller,Not Found
L. K. Morabito,Not Found
K. Rajpurohit,Not Found
H. J. A. Röttgering,Not Found
Ting Tan,Not Found
Huanyuan Shan,Not Found
Eric Armengaud,Not Found
Sofia Blomqvist,Not Found
Christian Ecker,Not Found
Tyler Gorda,Not Found
Aleksi Vuorinen,Not Found
M. Lampani,Not Found
M. Rossi,Not Found
S. Guastavino,Not Found
M. Piana,Not Found
A.M. Massone,Not Found
Mats Ola Sand,Not Found
Quentin Noraz,Not Found
Guillaume Aulanier,Not Found
Juan Martínez-Sykora,Not Found
Mats Carlsson,Not Found
Luc Rouppe van der Voort,Not Found
Deng Wang,Not Found
Olga Mena,Not Found
Salvatore Capozziello,Not Found
David Mota,Not Found
Eric Guzman,Not Found
Joel Meyers,Not Found
Alex Edison,Not Found
Matthew Lewandowski,Not Found
Leonardo Senatore,Not Found
Sana Begum Murtuja Shaikh,Not Found
Priyanka Singh,Not Found
I.I. Antokhin,Not Found
Sarah E. Kay,Not Found
Ehsan Kourkchi,Not Found
A. Molaeinezhad,Not Found
H. G. Khosroshahi,Not Found
M. Mouhcine,Not Found
P. A. James,Not Found
D. Carter,Not Found
William Cvetko,Not Found
Melissa Joseph,Not Found
Gustavo Marques-Tavares,Not Found
Serat Mahmud Saad,Not Found
Yuan-Sen Ting,Not Found
Austin Baldwin,Not Found
Joshua D. Lothringer,Not Found
Leonardo A. Dos Santos,Not Found
David K. Sing,Not Found
Zafar Rustamkulov,Not Found
Nikolay K. Nikolov,Not Found
Jeff Valenti,Not Found
Hannah R. Wakeford,Not Found
Valerio De Luca,Not Found
Loris Del Grosso,Not Found
Gabriele Franciolini,Not Found
Konstantinos Kritos,Not Found
Emanuele Berti,Not Found
Daniel D'Orazio,Not Found
Joseph Silk,Not Found
A.J. Iovino,Not Found
A. Riotto,Not Found
Jakob M. Helton,Not Found
Jane E. Morrison,Not Found
Kevin N. Hainline,Not Found
Francesco D'Eugenio,Not Found
George H. Rieke,Not Found
Stacey Alberts,Not Found
Stefano Carniani,Not Found
Joel Leja,Not Found
Yijia Li,Not Found
Pierluigi Rinaldi,Not Found
Jan Scholtz,Not Found
Meredith Stone,Not Found
Christopher N. A. Willmer,Not Found
Zihao Wu,Not Found
William M. Baker,Not Found
Andrew J. Bunker,Not Found
Stephane Charlot,Not Found
Jacopo Chevallard,Not Found
Nikko J. Cleri,Not Found
Mirko Curti,Not Found
Emma Curtis-Lake,Not Found
Eiichi Egami,Not Found
Daniel J. Eisenstein,Not Found
Peter Jakobsen,Not Found
Zhiyuan Ji,Not Found
Benjamin D. Johnson,Not Found
Nimisha Kumari,Not Found
Xiaojing Lin,Not Found
Jianwei Lyu,Not Found
Roberto Maiolino,Not Found
Michael Maseda,Not Found
Pablo G. Pérez-González,Not Found
Marcia J. Rieke,Not Found
Brant Robertson,Not Found
Aayush Saxena,Not Found
Fengwu Sun,Not Found
Sandro Tacchella,Not Found
Hannah Übler,Not Found
Giacomo Venturi,Not Found
Christina C. Williams,Not Found
Chris Willott,Not Found
Joris Witstok,Not Found
Yongda Zhu,Not Found
M. R. Siebert,Not Found
J. D. R. Pierel,Not Found
M. Engesser,Not Found
D. A. Coulter,Not Found
C. Decoursey,Not Found
O. D. Fox,Not Found
A. Rest,Not Found
W. Chen,Not Found
J. M. Derkacy,Not Found
E. Egami,Not Found
R. J. Foley,Not Found
D. O. Jones,Not Found
A. M. Koekemoer,Not Found
C. Larison,Not Found
D. C. Leonard,Not Found
T. J. Moriya,Not Found
R. M. Quimby,Not Found
K. Shukawa,Not Found
L. G. Strolger,Not Found
Yossef Zenati,Not Found
Jaewon Yoo,Not Found
Kyungwon Chun,Not Found
Jongwan Ko,Not Found
Jihye Shin,Not Found
Cristiano G. Sabiu,Not Found
Jaehyun Lee,Not Found
Kwang-il Seon,Not Found
Jae-Woo Kim,Not Found
Jinsu Rhee,Not Found
Sungryong Hong,Not Found
Woowon Byun,Not Found
Hyowon Kim,Not Found
Sang-Hyun Chun,Not Found
Hong Soo Park,Not Found
Yongmin Yoon,Not Found
Jeehye Shin,Not Found
Paula Vulić,Not Found
Vernesa Smolčić,Not Found
Ghassem Gozaliasl,Not Found
Ivan Delvecchio,Not Found
Alexis Finoguenov,Not Found
Cristobal M. Espinoza,Not Found
A. Lazarian,Not Found
Yue Hu,Not Found
D. Pogosyan,Not Found
A. Archer,Not Found
P. Bangale,Not Found
J. T. Bartkoske,Not Found
W. Benbow,Not Found
Y. Chen,Not Found
J. L. Christiansen,Not Found
A. J. Chromey,Not Found
A. Duerr,Not Found
M. Escobar Godoy,Not Found
J. Escudero Pedrosa,Not Found
Q. Feng,Not Found
S. Filbert,Not Found
L. Fortson,Not Found
A. Furniss,Not Found
W. Hanlon,Not Found
O. Hervet,Not Found
C. E. Hinrichs,Not Found
J. Holder,Not Found
T. B. Humensky,Not Found
M. Iskakova,Not Found
W. Jin,Not Found
M. N. Johnson,Not Found
E. Joshi,Not Found
M. Kertzman,Not Found
M. Kherlakian,Not Found
D. Kieda,Not Found
T. K. Kleiner,Not Found
N. Korzoun,Not Found
S. Kumar,Not Found
M. J. Lang,Not Found
M. Lundy,Not Found
G. Maier,Not Found
C. E McGrath,Not Found
P. Moriarty,Not Found
R. Mukherjee,Not Found
W. Ning,Not Found
R. A. Ong,Not Found
M. Pohl,Not Found
E. Pueschel,Not Found
J. Quinn,Not Found
P. L. Rabinowitz,Not Found
K. Ragan,Not Found
P. T. Reynolds,Not Found
D. Ribeiro,Not Found
E. Roache,Not Found
I. Sadeh,Not Found
L. Saha,Not Found
H. Salzmann,Not Found
G. H. Sembroski,Not Found
B. Shen,Not Found
M. Splettstoesser,Not Found
A. K. Talluri,Not Found
J. V. Tucci,Not Found
J. Valverde,Not Found
V. V. Vassiliev,Not Found
D. A. Williams,Not Found
S. L. Wong,Not Found
T. Yoshikoshi,Not Found
Harry J. Greatorex,Not Found
Aisling N. O'Hare,Not Found
Susanna Bekker,Not Found
Ryan C. Campbell,Not Found
Daniel C. Keane,Not Found
Ryan O. Milligan,Not Found
Jiri Kvita,Not Found
Petr Baron,Not Found
C. Malacaria,Not Found
S. N. Pike,Not Found
A. D'Aì,Not Found
G. L. Israel,Not Found
L. Ducci,Not Found
R. E. Rothschild,Not Found
L. Stella,Not Found
R. Amato,Not Found
E. Ambrosi,Not Found
J. B. Coley,Not Found
F. Fürst,Not Found
M. Imbrogno,Not Found
P. Kretschmar,Not Found
D. K. Maniadakis,Not Found
A. Papitto,Not Found
P. Pradhan,Not Found
A. Rouco Escorial,Not Found
A. Simongini,Not Found
J. Stierhof,Not Found
B. F. West,Not Found
N. Zalot,Not Found
Fawad Kirmani,Not Found
Arjun Karki,Not Found
Steve Rodney,Not Found
Kyle Lackey,Not Found
Varsha P. Kulkarni,Not Found
John R. Rose,Not Found
Justin Pierel,Not Found
Sk. Sohail,Not Found
Sonej Alam,Not Found
Md. Wali Hossain,Not Found
Jens F. Mahlmann,Not Found
Logan Eskildsen,Not Found
Arno Vanthieghem,Not Found
Dawei Dai,Not Found
Lorenzo Sironi,Not Found
Gábor Kasza,Not Found
János Takátsy,Not Found
György Wolf,Not Found
Leon Ofman,Not Found
Olga Khabarova,Not Found
Ryun-Yong Kwon,Not Found
Yogesh,"Department of Botany, Yuvaraja's College, University of Mysore, Mysuru, 570005, Karnataka, India"
Eyal Heifetz,Not Found
Katariina Nykyri,Not Found
T. E. Rivera-Thorsen,Not Found
A. Le Reste,Not Found
M. J. Hayes,Not Found
S. Flury,Not Found
A. Saldana-Lopez,Not Found
B. Welch,Not Found
S. Choe,Not Found
K. Sharon,Not Found
K. Kim,Not Found
M. R. Owens,Not Found
E. Solhaug,Not Found
H. Dahle,Not Found
Himanshu Verma,Not Found
Priyanka Sarmah,Not Found
Joseph Silk,Not Found
Kingman Cheung,Not Found
Xiao-Tian Xu,Not Found
Norbert Langer,Not Found
Jakub Klencki,Not Found
Chen Wang,Not Found
Xiang-Dong Li,Not Found
Tarak Chand,Not Found
Saurabh Sharma,Not Found
Koshvendra Singh,Not Found
Joe P. Ninan,Not Found
Arpan Ghosh,Not Found
Devendra K. Ojha,Not Found
Tapas Baug,Not Found
D. K. Sahu,Not Found
Bhuwan C. Bhatt,Not Found
Pramod Kumar,Not Found
Ram K. Yadav,Not Found
Neelam Panwar,Not Found
Aayushi Verma,Not Found
Harmeen Kaur,Not Found
Mamta,"Department of Chemistry, Kurukshetra University, Kurukshetra-136119, Haryana, India"
Manojit Chakraborty,Not Found
Kartik Gokhe,Not Found
Ajay Kumar Singh,Not Found
Guang-Yao Xiao,Not Found
Fabo Feng,Not Found
Song Wang,Not Found
Kai Li,Not Found
Yicheng Rui,Not Found
Xiao-Wei Duan,Not Found
R. D'Amicis,Not Found
J. M. Raines,Not Found
S. Benella,Not Found
M. Velli,Not Found
O. Panasenco,Not Found
G. Nicolaou,Not Found
C. J. Owen,Not Found
R. M. Dewey,Not Found
P. Louarn,Not Found
A. Fedorov,Not Found
S. T. Lepri,Not Found
B. L. Alterman,Not Found
D. Perrone,Not Found
R. De Marco,Not Found
R. Bruno,Not Found
L. Sorriso-Valvo,Not Found
O. S. Dhamane,Not Found
Y. Rivera,Not Found
O. R. Kieokaew,Not Found
D. Verscharen,Not Found
G. Consolini,Not Found
S. Yardley,Not Found
V. Réville,Not Found
D. Telloni,Not Found
D. Baker,Not Found
G. Lewis,Not Found
G. Watson,Not Found
C. Anekallu,Not Found
K. Darwish,Not Found
L. Prech,Not Found
S. Livi,Not Found
T. Horbury,Not Found
G. Mele,Not Found
V. Fortunato,Not Found
F. Monti,Not Found
Eric E. Mamajek,Not Found
Jason T. Wright,Not Found
Noah W. Tuchow,Not Found
Patrick A. Young,Not Found
Matthew A. Kenworthy,Not Found
Emily A. Gilbert,Not Found
J. Hou,Not Found
R. N. Cahn,Not Found
J. Aguilar,Not Found
S. Ahlen,Not Found
D. Bianchi,Not Found
D. Brooks,Not Found
T. Claybaugh,Not Found
P. Doel,Not Found
J. E. Forero-Romero,Not Found
E. Gaztañaga,Not Found
L. Le Guillou,Not Found
G. Gutierrez,Not Found
C. Howlett,Not Found
M. Ishak,Not Found
R. Joyce,Not Found
A. Kremin,Not Found
O. Lahav,Not Found
C. Lamman,Not Found
M. Landriau,Not Found
A. de la Macorra,Not Found
R. Miquel,Not Found
S. Nadathur,Not Found
G. Niz,Not Found
W. J. Percival,Not Found
F. Prada,Not Found
I. Pérez-Ràfols,Not Found
G. Rossi,Not Found
E. Sanchez,Not Found
D. Schlegel,Not Found
M. Schubnell,Not Found
H.-J. Seo,Not Found
J. Silber,Not Found
D. Sprayberry,Not Found
G. Tarlé,Not Found
B. A. Weaver,Not Found
H. Zou,Not Found
Toshiki Takadera,Not Found
Shin'ichi Hirano,Not Found
Tsutomu Kobayashi,Not Found
Izumi Hachisu,Not Found
Maiko Kato,Not Found
Zhenxin Lei,Not Found
Yangyang Dong,Not Found
Bokai Kou,Not Found
Mengqi Feng,Not Found
Ke Hu,Not Found
Yude Bu,Not Found
Jingkun Zhao,Not Found
Giovanni Montani,Not Found
Luis A. Escamilla,Not Found
Nakia Carlevaro,Not Found
Eleonora Di Valentino,Not Found
Qian-Hui Chen,Not Found
Alex M. Garcia,Not Found
Zefeng Li,Not Found
Kathryn Grasha,Not Found
Emily Wisnioski,Not Found
Paul Torrey,Not Found
Rhea-Silvia Remus,Not Found
Lucas C. Kimmig,Not Found
Andrew J. Battisti,Not Found
Sven Buder,Not Found
Hemant Shukla,Not Found
R. Amato,Not Found
M. Bachetti,Not Found
R. Soria,Not Found
A. Gúrpide,Not Found
M. Imbrogno,Not Found
C. Salvaggio,Not Found
R. Salvaterra,Not Found
M. Del Santo,Not Found
S. Scaringi,Not Found
P. Casella,Not Found
A. Wolter,Not Found
Z.Q. Qu,Not Found
R.Y. Zhou,Not Found
H. Su,Not Found
Y. Liang,Not Found
Beatrice Nyiransengiyumva,Not Found
Mirjana Povic,Not Found
Pheneas Nkundabakura,Not Found
Tom Mutabazi,Not Found
Antoine Mahoro,Not Found
Mikel Artola,Not Found
Ruth Lazkoz,Not Found
Vincenzo Salzano,Not Found
Emmanuel N. Saridakis,Not Found
K. Nobleson,Not Found
Churchil Dwivedi,Not Found
Shantanu Desai,Not Found
Bhal Chandra Joshi,Not Found
Himanshu Grover,Not Found
Debabrata Deb,Not Found
Vaishnavi Vyasraj,Not Found
Kunjal Vara,Not Found
Hemanga Tahbildar,Not Found
Abhimanyu Susobhanan,Not Found
Mayuresh Surnis,Not Found
Aman Srivastava,Not Found
Shubhit Sardana,Not Found
Keitaro Takahashi,Not Found
Amarnath,"Plasma Research Laboratory, The Bombay Textile Research Association, Ghatkopar West, Mumbai 86, India"
P. Arumugam,Not Found
Manjari Bagchi,Not Found
Neelam Dhanda Batra,Not Found
Manoneeta Chakraborty,Not Found
Shaswata Chowdhury,Not Found
Shebin Jose Jacob,Not Found
Jibin Jose,Not Found
Shubham Kala,Not Found
Ryo Kato,Not Found
M. A. Krishnakumar,Not Found
Kuldeep Meena,Not Found
Avinash Kumar Paladi,Not Found
Arul Pandian,Not Found
Kaustubh Rai,Not Found
Prerna Rana,Not Found
Manpreet Singh,Not Found
Jaikhomba Singha,Not Found
Adya Shukla,Not Found
Pratik Tarafdar,Not Found
Prabu Thiagraj,Not Found
Zenia Zuraiq,Not Found
Vahid Asadi,Not Found
Akram Hasani Zonoozi,Not Found
Hosein Haghi,Not Found
M. Navabi,Not Found
R. Carrera,Not Found
N. E. D. Noël,Not Found
C. Gallart,Not Found
E. Pancino,Not Found
M. De Leo,Not Found
Angelina Sherman,Not Found
Ke Fang,Not Found
Dan Hooper,Not Found
Javier de Cruz Pérez,Not Found
Adrià Gómez-Valent,Not Found
Joan Solà Peracaula,Not Found
Jarred Gillette,Not Found
Michael J. Koss,Not Found
Darshan Kakkad,Not Found
Federica Ricci,Not Found
Isabella Lamperti,Not Found
Kyuseok Oh,Not Found
Alejandra Rojas,Not Found
Yaherlyn Diaz,Not Found
Turgay Caglar,Not Found
Kohei Ichikawa,Not Found
Ignacio del Moral-Castro,Not Found
Claudio Ricci,Not Found
Ezequiel Treister,Not Found
Franz E. Bauer,Not Found
Richard Mushotzky,Not Found
Mislav Baloković,Not Found
Jakob S. den Brok,Not Found
Benny Trakhtenbrot,Not Found
C. Megan Urry,Not Found
Fiona Harrison,Not Found
Daniel Stern,Not Found
Sondre Vik Furuseth,Not Found
Guillaume Aulanier,Not Found
Subhamoy Chatterjee,Not Found
Mausumi Dikpati,Not Found
F. Yusef-Zadeh,Not Found
M. Wardle,Not Found
R. G. Arendt,Not Found
C. O. Heinke,Not Found
C. J. Chandler,Not Found
H. Bushouse,Not Found
G. A. Moellenbrock,Not Found
Rachel E. Gross,Not Found
Yao-Lun Yang,Not Found
L.Ilsedore Cleeves,Not Found
Ewine F. van Dishoeck,Not Found
Robin T. Garrod,Not Found
Mihwa Jin,Not Found
Nami Sakai,Not Found
Christopher N. Shingledecker,Not Found
JaeYeong Kim,Not Found
Jennifer B. Bergner,Not Found
Neal J. Evans II,Not Found
Joel D. Green,Not Found
Chul-Hwan Kim,Not Found
Jeong-Eun Lee,Not Found
Yuki Okoda,Not Found
Will R.M. Rocha,Not Found
Brielle Shope,Not Found
Himanshu Tyagi,Not Found
David Shlivko,Not Found
Estefania Padilla Gonzalez,Not Found
A. Joshi Bhavin,Not Found
Louis G. Strolger,Not Found
Bhoomika Khatri,Not Found
Fae Rest,Not Found
Armin Rest,Not Found
Benjamin Rose,Not Found
Rodrigo Angulo,Not Found
David Coulter,Not Found
James M. Derkacy,Not Found
Ori Fox,Not Found
Justin D. R. Pierel,Not Found
Koji Shukawa,Not Found
Melissa Shahbandeh,Not Found
Matthew Siebert,Not Found
Conor Larison,Not Found
Massimo Griggio,Not Found
Hajime Sotani,Not Found
Shanwlee Sow Mondal,Not Found
James A. Klimchuk,Not Found
Craig D. Johnston,Not Found
Lars K. S. Daldorff,Not Found
Qiyuan Yang,Not Found
Zhi-Qiang You,Not Found
Xilong Fan,Not Found
Carli Mankowski,Not Found
Jamie Tayar,Not Found
Cassidy Martin,Not Found
Chih-Teng Ling,Not Found
Tomotsugu Goto,Not Found
Seong Jin Kim,Not Found
Cossas K.-W. Wu,Not Found
Amos Y.-A. Chen,Not Found
Ece Kilerci,Not Found
Tetsuya Hashimoto,Not Found
Terry Long Phan,Not Found
M.V. Suslikov,Not Found
A.I. Kolbin,Not Found
N.V. Borisov,Not Found
Guo-Peng Li,Not Found
Xi-Long Fan,Not Found
Kanta Fujiwara,Not Found
Yoshihiro Ueda,Not Found
Shoji Ogawa,Not Found
Yuya Nakatani,Not Found
Ryosuke Uematsu,Not Found
Verene Einwalter,Not Found
Eric J. Hooper,Not Found
Melissa E. Morris,Not Found
Sarah Bach,Not Found
Yjan A. Gordon,Not Found
Cheikh T. Bop,Not Found
Marko Gacesa,Not Found
Jijuan Si,Not Found
Yan Li,Not Found
Xue-Feng Li,Not Found
Zhi Li,Not Found
Ping Li,Not Found
Wen-Ping Liao,Not Found
Sheng-Bang Qian,Not Found
Li-Ying Zhu,Not Found
Jia Zhang,Not Found
Qi-Bin Sun,Not Found
Fang-Bin Meng,Not Found
J S Yadav,Not Found
Jean-Marie Hameury,Not Found
Abdurakhmon Nosirov,Not Found
Jiachen Jiang,Not Found
Cosimo Bambi,Not Found
John A. Tomsick,Not Found
Agniva Roychowdhury,Not Found
Alaa Alburai,Not Found
Lluís Galbany,Not Found
Umut Burgaz,Not Found
Georgios Dimitriadis,Not Found
Joel Johansson,Not Found
Mat Smith,Not Found
Ramon Sanfeliu,Not Found
Sandra Guerra,Not Found
Tomás Müller-Bravo,Not Found
Ariel Goobar,Not Found
Suhail Dhawan,Not Found
Young-Lo Kim,Not Found
Jakob Nordin,Not Found
Alice Townsend,Not Found
Jesper Sollerman,Not Found
Madeleine Ginolin,Not Found
Mickael Rigault,Not Found
Jacco H. Terwel,Not Found
Roger Smith,Not Found
Avery Wold,Not Found
Tracy X. Chen,Not Found
Theophile Jegou du Laz,Not Found
N. Holanda,Not Found
V. Loaiza-Tacuri,Not Found
A. Sonally,Not Found
S. Bijavara Seshashayana,Not Found
M. P. Roriz,Not Found
C. F. Martinez,Not Found
M. Borges Fernandes,Not Found
C. B. Pereira,Not Found
O. J. Katime Santrich,Not Found
S. Daflon,Not Found
Joyful E. Mdhluli,Not Found
Mike Goldsmith,Not Found
Erik Aquino-Ortíz,Not Found
Bernardo Cervantes-Sodi,Not Found
Karol Chim-Ramirez,Not Found
Rebecca Szabó,Not Found
Valentin D. Ivanov,Not Found
M. Švanda,Not Found
M. Dotti,Not Found
F. Mannucci,Not Found
R. Buscicchio,Not Found
M. Colpi,Not Found
Q. D'Amato,Not Found
A. Franchini,Not Found
A. De Rosa,Not Found
Z. Haiman,Not Found
. Izquierdo-Villalba,Not Found
A. Mangiagli,Not Found
M. Scialpi P. Severgnini,Not Found
C. Vignali,Not Found
M. Volonteri,Not Found
Tianlong Wang,Not Found
Tianyu Zhao,Not Found
Minghui Du,Not Found
Ziren Luo,Not Found
Peng Dong,Not Found
Peng Xu,Not Found
Nalin Dhiman,Not Found
Tal Adi,Not Found
Kris Pardo,Not Found
Olivier Doré,Not Found
D. Nanopoulos,Not Found
P. Laskos-Patkos,Not Found
Ch. C. Moustakidis,Not Found
Pranav Sampathkumar,Not Found
Tim Huege,Not Found
Andreas Haungs,Not Found
Ralph Engel,Not Found
Silvia Mollerach,Not Found
Esteban Roulet,Not Found
Bowei Zhang,Not Found
E.P.S. Shellard,Not Found
James R. Fergusson,Not Found
Anton Feeney-Johansson,Not Found
Yuri Aikawa,Not Found
Shigehisa Takakuwa,Not Found
Nagayoshi Ohashi,Not Found
Adele Plunkett,Not Found
Jes K. Jorgensen,Not Found
Hsien Shang,Not Found
Zhi-Yun Li,Not Found
Rajeeb Sharma,Not Found
Woojin Kwon,Not Found
Jeong-Eun Lee,Not Found
Leslie W. Looney,Not Found
Yao-Lun Yang,Not Found
Mayank Narang,Not Found
Itziar de Gregorio-Monsalvo,Not Found
eDisk team,Not Found
B. Guo,Not Found
F. Yan,Not Found
Th. Henning,Not Found
L. Nortmann,Not Found
M. Stangret,Not Found
D. Cont,Not Found
E. Pallé,Not Found
D. Shulyak,Not Found
K. G. Strassmeier,Not Found
I. Ilyin,Not Found
F. Lesjak,Not Found
A. Reiners,Not Found
S. Liu,Not Found
K. Molaverdikhani,Not Found
G. Scandariato,Not Found
E. Keles,Not Found
J. A. Caballero,Not Found
P. J. Amado,Not Found
A. Quirrenbach,Not Found
I. Ribas,Not Found
S. Góngora,Not Found
A. P. Hatzes,Not Found
M. López-Puertas,Not Found
D. Montes,Not Found
K. Poppenhaeger,Not Found
E. Schlawin,Not Found
A. Schweitzer,Not Found
D. Sicilia,Not Found
Kang Shuai,Not Found
Li-Yong Zhou,Not Found
Hejiu Hui,Not Found
Yu-Heng Sheng,Not Found
De-Fu Bu,Not Found
Xiao-Hong Yang,Not Found
Yi-Ren Chang,Not Found
Liang Chen,Not Found
Xiao Guo,Not Found
Zhoujian Cao,Not Found
Zhiwei Chen,Not Found
Sandeep Kumar Kataria,Not Found
Aarav Shah,Not Found
Kanabar Jay,Not Found
Maxim Khlopov,Not Found
Oem Trivedi,Not Found
Maxim Krasnov,Not Found
Lei Zhang,Not Found
Han Yan,Not Found
Jinhai Zhang,Not Found
Xian Chen,Not Found
Tatsuya Matsumoto,Not Found
Tsubasa Kondo,Not Found
Hidehiro Kaneda,Not Found
Shinki Oyabu,Not Found
Takuma Kokusho,Not Found
Toyoaki Suzuki,Not Found
Risako Katayama,Not Found
Eiko Kozaki,Not Found
Itsuka Yachi,Not Found
Keita Yoshida,Not Found
Shohei Ono,Not Found
Xu-Lin Dong,Not Found
Wei-Kang Gao,Not Found
Yi-Qing Guo,Not Found
Shu-Wang Cui,Not Found
Sergey D. Korolkov,Not Found
Igor I. Baliukin,Not Found
Merav Opher,Not Found
Yajie Chen,Not Found
Hardi Peter,Not Found
Damien Przybylski,Not Found
Lakshmi Pradeep Chitta,Not Found
Sudip Mandal,Not Found
Yixuan Dang,Not Found
Ish Gupta,Not Found
Robin Ciardullo,Not Found
Erin Mentuch Cooper,Not Found
Shiksha Pandey,Not Found
Dustin Davis,Not Found
Surhud More,Not Found
Rachel Gray,Not Found
Hsin-Yu Chen,Not Found
Daniel J. Farrow,Not Found
Caryl Gronwall,Not Found
Donghui Jeong,Not Found
Shun Saito,Not Found
Donald P. Schneider,Not Found
B. S. Sathyaprakash,Not Found
Qikang Feng,Not Found
Yang Huang,Not Found
Huawei Zhang,Not Found
Jifeng Liu,Not Found
K. Bhandari,Not Found
D. E. Morosan,Not Found
S. Normo,Not Found
Aman Priyadarshi M. Kumar,Not Found
Juie Shetye,Not Found
Sean G. Sellers,Not Found
Damian J. Christian,Not Found
Sikandar Akbar,Not Found
Zahir Shah,Not Found
Ranjeev Misra,Not Found
Naseer Iqbal,Not Found
Jialiang Shao,Not Found
Ippei Obata,Not Found
Dongdong Zhang,Not Found
Ajay Kumar,Not Found
Yogesh Maan,Not Found
Banshi Lal,Not Found
Yash Bhusare,Not Found
Shriharsh P. Tendulkar,Not Found
Visweshwar Ram Marthi,Not Found
Puja Majee,Not Found
Shi-jun Dang,Not Found
Ji-guang Lu,Not Found
Peng Jiang,Not Found
Yu-lan Liu,Not Found
Jin-tao Xie,Not Found
Habtamu Menberu Tedila,Not Found
Fei-fei Kou,Not Found
Jian-ping Yuan,Not Found
Zhi-gang Wen,Not Found
Shuang-qiang Wang,Not Found
Lun-hua Shang,Not Found
Zu-rong Zhou,Not Found
Wen-ming Yan,Not Found
Qi-jun Zhi,Not Found
Na Wang,Not Found
Qing-Chang Zhao,Not Found
Michal Dovciak,Not Found
Han-Cheng Li,Not Found
Lian Tao,Not Found
Hua Feng,Not Found
Federico Vincentelli,Not Found
Giorgio Matt,Not Found
Philip Kaaret,Not Found
Shuang-Nan Zhang,Not Found
Elijah G. Marlin,Not Found
Yukei S. Murakami,Not Found
Dillon Brout,Not Found
Jack W. Tweddle,Not Found
Brodie Popovic,Not Found
Ken W. Smith,Not Found
Stephen J. Smartt,Not Found
Daniel M. Scolnic,Not Found
David Jones,Not Found
Erik R. Peterson,Not Found
Adam G. Riess,Not Found
Maria Vincenzi,Not Found
Nora F. Sherman,Not Found
Maria Acevedo,Not Found
Jasper Milstein,Not Found
Mitchell Dixon,Not Found
Armin Rest,Not Found
Bingqiu Chen,Not Found
Guangxing Li,Not Found
Haibo Yuan,Not Found
Maosheng Xiang,Not Found
Jixuan Zhou,Not Found
Pinjian Chen,Not Found
Martin Krause,Not Found
Ashley Coombs,Not Found
Valenitn D. Ivanov,Not Found
Indra Kumar Banerjee,Not Found
Sandeep Chatterjee,Not Found
Biswarup Das,Not Found
Ujjal Kumar Dey,Not Found
Dongyue Jiang,Not Found
Lei Qian,Not Found
Minglei Guo,Not Found
Qiaoli Hao,Not Found
Menglin Huang,Not Found
Peng Jiang,Not Found
Hongfei Liu,Not Found
Chun Sun,Not Found
Xingyi Wang,Not Found
Qingliang Yang,Not Found
Naiping Yu,Not Found
Lei Zhao,Not Found
Yutao Zhao,Not Found
Liyun Zhang,Not Found
Yichi Zhang,Not Found
Tongjie Zhang,Not Found
Zhichen Pan,Not Found
Zongyuan Ge,Not Found
Chenwaner Zhang,Not Found
Wei Zhou,Not Found
Hongyu Zeng,Not Found
Guiping Zhou,Not Found
O. Vince,Not Found
C. M. Raiteri,Not Found
M. Villata,Not Found
A. C. Gupta,Not Found
J. Kovačević-Dojčinović,Not Found
M. Lakićević,Not Found
L. Č. Popović,Not Found
P. Kushwaha,Not Found
D. O. Mirzaqulov,Not Found
S. A. Ehgamberdiev,Not Found
D. Carosati,Not Found
S. G. Jorstad,Not Found
A. P. Marscher,Not Found
Z. R. Weaver,Not Found
J. R. Webb,Not Found
P. S. Smith,Not Found
W. P. Chen,Not Found
A. Tsai,Not Found
H. C. Lin,Not Found
G. A. Borman,Not Found
T. S. Grishina,Not Found
V. A. Hagen-Thorn,Not Found
E. N. Kopatskaya,Not Found
E. G. Larionova,Not Found
V. M. Larionov,Not Found
L. V. Larionova,Not Found
D. A. Morozova,Not Found
S. S. Savchenko,Not Found
I. S. Troitskiy,Not Found
Y. V. Troitskaya,Not Found
A. A. Vasilyev,Not Found
A. V. Zhovtan,Not Found
E. V. Shishkina,Not Found
O. M. Kurtanidze,Not Found
M. G. Nikolashvili,Not Found
S. O. Kurtanidze,Not Found
R. Ivanidze,Not Found
J. A. Acosta-Pulido,Not Found
M. I. Carnerero,Not Found
G. Damljanović,Not Found
M. Stojanovic,Not Found
M. D. Jovanovic,Not Found
V. V. Vlasyuk,Not Found
O. I. Spiridonova,Not Found
A. S. Moskvitin,Not Found
T. Pursimo,Not Found
D. Elsässer,Not Found
M. Feige,Not Found
L. Kunkel,Not Found
J. Ledermann,Not Found
D. Reinhart,Not Found
A. Scherbantin,Not Found
K. Schoch,Not Found
R. Steineke,Not Found
C. Lorey,Not Found
I. Agudo,Not Found
J. Escudero Pedrosa,Not Found
F. J. Aceituno,Not Found
G. Bonnoli,Not Found
V. Casanova,Not Found
D. Morcuende,Not Found
A. Sota,Not Found
V. Bozhilov,Not Found
A. Valcheva,Not Found
E. Zaharieva,Not Found
M. Minev,Not Found
A. Strigachev,Not Found
R. Bachev,Not Found
B. Mihov,Not Found
L. Slavcheva-Mihova,Not Found
A. C. Sadun,Not Found
A. Takey,Not Found
A. Shokry,Not Found
M. A. El-Sadek,Not Found
A. Marchiniand G. Verna,Not Found
Vishal Baibhav,Not Found
Daiki Saito,Not Found
Koki Tokeshi,Not Found
Petar Suman,Not Found
Dong-Gang Wang,Not Found
Wuhyun Sohn,Not Found
James R. Fergusson,Not Found
E.P.S. Shellard,Not Found
Esha Kundu,Not Found
Gaurav Gawade,Not Found
Prantik Sarmah,Not Found
Sovan Chakraborty,Not Found
Xilu Wang,Not Found
E. Šipková,Not Found
M. Skarka,Not Found
M. Vaňko,Not Found
V. Chmelař,Not Found
T. Pribulla,Not Found
Z. Mikulášek,Not Found
M.R.Combi,Not Found
T. Mâkinen,Not Found
J.-L. Bertaux,Not Found
E. Quemerais,Not Found
S. Ferron,Not Found
R. Lallement,Not Found
W. Schmidt,Not Found
Ella M. Mansfield,Not Found
Delaney A. Dunne,Not Found
Dongwoo T. Chung,Not Found
Toni Scarmato,Not Found
Nick Gorkavyi,Not Found
Tanayveer Singh Bhatia,Not Found
Robert H. Cameron,Not Found
Sami K. Solanki,Not Found
Damien F. Przybylski,Not Found
Veronika Witzke,Not Found
Alexander Shapiro,Not Found
Nadiia Kostogryz,Not Found
Ziyang Wang,Not Found
David Garofalo,Not Found
Zhiyuan Liu,Not Found
Atticus V. Magerko,Not Found
Mark Ballard,Not Found
Guanqun Song,Not Found
Ting Zhu,Not Found
Raahul Singh,Not Found
Ashutosh Pandey,Not Found
P. Marziani,Not Found
E. Bon,Not Found
S. Panda,Not Found
N. Bon,Not Found
A. Del Olmo,Not Found
A. Deconto-Machado,Not Found
K. Garnica,Not Found
D. Dultzin,Not Found
Ikbar Faiz,Not Found
Anumanchi Agastya Sai Ram Likhit,Not Found
Rajib Saha,Not Found
Ramiro de la Reza,Not Found
Felix Llorente de Andrés,Not Found
Emilio J. Alfaro,Not Found
Carolina Chavero,Not Found
S. A. Eales,Not Found
Sandra Robles,Not Found
Walter Tangarife,Not Found
Giorgio Busoni,Not Found
Yoshiaki Sofue,Not Found
Steven N. Longmore,Not Found
Daniel Walker,Not Found
Adam Ginsburg,Not Found
Jonathan D. Henshaw,Not Found
John Bally,Not Found
Ashley T. Barnes,Not Found
Cara Battersby,Not Found
Laura Colzi,Not Found
Paul Ho,Not Found
Jimenez-Serra,Not Found
J.M.Diederik Kruijssen,Not Found
Elizabeth Mills,Not Found
Maya A. Petkova,Not Found
Mattia C. Sormani,Not Found
Jen Wallace,Not Found
Jairo Armijos-Abendano,Not Found
Zi-Xuan Feng,Not Found
Karl Fiteni,Not Found
Pablo García,Not Found
Savannah Gramze,Not Found
Christian Henkel,Not Found
Pei-Ying Hsieh,Not Found
Ralf S. Klessen,Not Found
Francisco Nogueras-Lara,Not Found
Dylan M. Paré,Not Found
Victor M.,Not Found
Rivilla,Not Found
Alvaro Sánchez-Monge,Not Found
Shen-Shi Du,Not Found
Yi Gong,Not Found
Jun-Jie Wei,Not Found
Zi-Ke Liu,Not Found
Zhi-Qiang You,Not Found
Yan-Zhi Meng,Not Found
Xing-Jiang Zhu,Not Found
Brahim Asfour,Not Found
Farida Bargach,Not Found
Yahya Ladghami,Not Found
Ahmed Errahmani,Not Found
Taoufik Ouali,Not Found
Wenyu Xin,Not Found
Ken'ichi Nomoto,Not Found
Xianfei Zhang,Not Found
Shaolan Bi,Not Found
Elena Tomasetti,Not Found
Michele Moresco,Not Found
Nicola Borghi,Not Found
Dinko Milaković,Not Found
Stephanie Escoffier,Not Found
Margherita Talia,Not Found
Lucia Pozzetti,Not Found
Andrea Cimatti,Not Found
Lauro Moscardini,Not Found
Hoa Dinh Thi,Not Found
Matthew G. Baring,Not Found
Kun Hu,Not Found
Alice K. Harding,Not Found
Rachael E. Stewart,Not Found
George A. Younes,Not Found
Joseph A. Barchas,Not Found
Kento Kamada,Not Found
Laura Baudis,Not Found
Sahar Shahaf,Not Found
Barak Zackay,Not Found
Xu Zhang,Not Found
Yanli Ai,Not Found
Yanxia Zhang,Not Found
Yuming Fu,Not Found
Xue-Bing Wu,Not Found
Zhiying Huo,Not Found
Wenfeng Wen,Not Found
Jiayuan Zhou,Not Found
Dexuan Kong,Not Found
Linfeng Zeng,Not Found
Heng Wang,Not Found
Tian-Ning Yang,Not Found
Ren-Fang Geng,Not Found
Jing Zhang,Not Found
Chong Yang,Not Found
Yong Huang,Not Found
Yi Xie,Not Found
Yuan-Sen Ting,Not Found
Yuxuan Pang,Not Found
Xin Wang,Not Found
Tommaso Treu,Not Found
Qianqiao Zhou,Not Found
Shengzhe Wang,Not Found
Xue-Bing Wu,Not Found
Maruša Bradač,Not Found
Karl Glazebrook,Not Found
Nicha Leethochawalit,Not Found
Matthew A. Malkan,Not Found
Themiya Nanayakkara,Not Found
Benedetta Vulcani,Not Found
Peter J. Watson,Not Found
Hu Zhan,Not Found
Shengzhe Wang,Not Found
Xin Wang,Not Found
Matthew A. Malkan,Not Found
Harry I. Teplitz,Not Found
Rebecca L. Davies,Not Found
Karl Glazebrook,Not Found
Keunho J. Kim,Not Found
Themiya Nanayakkara,Not Found
Hang Zhou,Not Found
Yiming Yang,Not Found
Chao-Wei Tsai,Not Found
Yuxuan Pang,Not Found
Zheng Cai,Not Found
Xiaohui Fan,Not Found
Alaina Henry,Not Found
Zihao Li,Not Found
Dong Dong Shi,Not Found
Xian Zhong Zheng,Not Found
Zhiyu Yan,Not Found
Yu-Jia Wei,Not Found
Kohta Murase,Not Found
B. Theodore Zhang,Not Found
Yuri Sato,Not Found
Mukul Bhattacharya,Not Found
Jose Carpio,Not Found
Jewel Capili,Not Found
Kohta Murase,Not Found
Lin Han,Not Found
Zhang Jujia,Not Found
Wang Xiaofeng,Not Found
Hu Maokai,Not Found
Zha Shuai,Not Found
Xiang Danfeng,Not Found
Li Liping,Not Found
Reguitti Andrea,Not Found
Zhang Xinghan,Not Found
Cai Yongzhi,Not Found
Wang Zhenyu,Not Found
Zhao Zeyi,Not Found
Zhai Qian,Not Found
Huang Fang,Not Found
Lin Weili,Not Found
Bai Jinming,Not Found
Yang Yu,Not Found
Guan-Sen Wang,Not Found
Bo Zhang,Not Found
Tian-Peng Tang,Not Found
Bing-Yu Su,Not Found
Lei Feng,Not Found
Huajian Wang,Not Found
Xiaodian Chen,Not Found
Shu Wang,Not Found
P. Singh,Not Found
G. Stratta,Not Found
A. Rossi,Not Found
P.T.H. Pang,Not Found
M. Bulla,Not Found
F. Ragosta,Not Found
A. De Rosa,Not Found
D.A. Kann,Not Found
F. Cogato,Not Found
Yifan Xuan,Not Found
Fabo Feng,Not Found
Zhensen Fu,Not Found
Shilong Liao,Not Found
Zhaoxiang Qi,Not Found
Yang Chen,Not Found
Rong Liu,Not Found
Izaskun Jiménez-Serra,Not Found
Giuliana Cosentino,Not Found
Jonathan C. Tan,Not Found
Ashley Thomas Barnes,Not Found
Francesco Fontani,Not Found
Paola Caselli,Not Found
Antonio Martínez-Henares,Not Found
Chi-Yan Law,Not Found
Jonathan D. Henshaw,Not Found
Tie Liu,Not Found
Jun-Yi Shen,Not Found
Yuan-Chuan Zou,Not Found
Sandeep Kumar Mondal,Not Found
Shubham Kishore,Not Found
Alok C. Gupta,Not Found
Gwenael Giacinti,Not Found
Wei Cheng,Not Found
Hrishav Das,Not Found
Devendra K. Sahu,Not Found
Anirban Dutta,Not Found
Mridweeka Singh,Not Found
G.C. Anupama,Not Found
Rishabh Singh Teja,Not Found
E. Malik,Not Found
P. Kaigorodov,Not Found
D. Kovaleva,Not Found
O. Malkov,Not Found
Anna Bartkiewicz,Not Found
Olga Bayandina,Not Found
Alberto Sanna,Not Found
Marian Szymczak,Not Found
Luca Moscadelli,Not Found
Agnieszka Kobak,Not Found
Huib Jan van Langevelde,Not Found
Ashwin Varma,Not Found
F. Alemanno,Not Found
Q. An,Not Found
P. Azzarello,Not Found
F. C. T. Barbato,Not Found
P. Bernardini,Not Found
X. J. Bi,Not Found
H. Boutin,Not Found
I. Cagnoli,Not Found
M. S. Cai,Not Found
E. Casilli,Not Found
J. Chang,Not Found
D. Y. Chen,Not Found
J. L. Chen,Not Found
Z. F. Chen,Not Found
Z. X. Chen,Not Found
P. Coppin,Not Found
M. Y. Cui,Not Found
T. S. Cui,Not Found
I. De Mitri,Not Found
F. de Palma,Not Found
A. Di Giovanni,Not Found
T. K. Dong,Not Found
Z. X. Dong,Not Found
G. Donvito,Not Found
J. L. Duan,Not Found
K. K. Duan,Not Found
R. R. Fan,Not Found
Y. Z. Fan,Not Found
F. Fang,Not Found
K. Fang,Not Found
C. Q. Feng,Not Found
L. Feng,Not Found
S. Fogliacco,Not Found
J. M. Frieden,Not Found
P. Fusco,Not Found
M. Gao,Not Found
F. Gargano,Not Found
E. Ghose,Not Found
K. Gong,Not Found
Y. Z. Gong,Not Found
D. Y. Guo,Not Found
J. H. Guo,Not Found
S. X. Han,Not Found
Y. M. Hu,Not Found
G. S. Huang,Not Found
X. Y. Huang,Not Found
Y. Y. Huang,Not Found
M. Ionica,Not Found
L. Y. Jiang,Not Found
W. Jiang,Not Found
Y. Z. Jiang,Not Found
J. Kong,Not Found
A. Kotenko,Not Found
D. Kyratzis,Not Found
S. J. Lei,Not Found
B. Li,Not Found
M. B. Li,Not Found
W. H. Li,Not Found
W. L. Li,Not Found
X. Li,Not Found
X. Q. Li,Not Found
Y. M. Liang,Not Found
C. M. Liu,Not Found
H. Liu,Not Found
J. Liu,Not Found
S. B. Liu,Not Found
Y. Liu,Not Found
F. Loparco,Not Found
M. Ma,Not Found
P. X. Ma,Not Found
T. Ma,Not Found
X. Y. Ma,Not Found
G. Marsella,Not Found
M. N. Mazziotta,Not Found
D. Mo,Not Found
Y. Nie,Not Found
X. Y. Niu,Not Found
A. Parenti,Not Found
W. X. Peng,Not Found
X. Y. Peng,Not Found
C. Perrina,Not Found
E. Putti-Garcia,Not Found
R. Qiao,Not Found
J. N. Rao,Not Found
Y. Rong,Not Found
R. Sarkar,Not Found
P. Savina,Not Found
A. Serpolla,Not Found
Z. Shangguan,Not Found
W. H. Shen,Not Found
Z. Q. Shen,Not Found
Z. T. Shen,Not Found
L. Silveri,Not Found
J. X. Song,Not Found
H. Su,Not Found
M. Su,Not Found
H. R. Sun,Not Found
Z. Y. Sun,Not Found
A. Surdo,Not Found
X. J. Teng,Not Found
A. R. Offringa,Not Found
R. J. van Weeren,Not Found
S.W. Ellingson,Not Found
A.J. Yip,Not Found
Lucas Gonzalez-Rivas,Not Found
Leonardo Krapp,Not Found
Ximena Ramos,Not Found
Pablo Benitez-Llambay,Not Found
Jing Fu Hu,Not Found
Hang Lu,Not Found
Bao Yuan Sun,Not Found
Ahmad Abushattal,Not Found
Mashhoor A. Al-Wardat,Not Found
Elliott P. Horch,Not Found
Nikolaos Georgakarakos,Not Found
Hatem A. Al-Ameryeen,Not Found
Enas M. Abu-Alrob,Not Found
Abdallah M. Hussein,Not Found
Ahmad Abushattal,Not Found
Nikolaos Georgakarakos,Not Found
Mashhoor A. Al-Wardat,Not Found
Bilal Algnamat,Not Found
Hassan B. Haboubi,Not Found
Deshinta Arrova Dewi,Not Found
Enas M. Abu-Alrob,Not Found
Abdallah M. Hussein,Not Found
Liang Li,Not Found
Mike Walmsley,Not Found
Steven Bamford,Not Found
Hugh Dickinson,Not Found
Tobias Géron,Not Found
Alexander J. Gordon,Not Found
Annette M.N. Ferguson,Not Found
Lucy Fortson,Not Found
Sandor Kruk,Not Found
Natalie Lines,Not Found
Chris J. Lintott,Not Found
Karen L. Masters,Not Found
Robert G. Mann,Not Found
James Pearson,Not Found
Hayley Roberts,Not Found
Anna M.M. Scaife,Not Found
Stefan Schuldt,Not Found
Brooke Simmons,Not Found
Rebecca Smethurst,Not Found
Josh Speagle,Not Found
Kyle Willett,Not Found
Wasif Husain,Not Found
Itamar Allali,Not Found
Mudit Jain,Not Found
Shi Yan,Not Found
Marco Turchetta,Not Found
Manuel Linares,Not Found
Karri Koljonen,Not Found
Paulo A. Miles-Páez,Not Found
Jordan A. Simpson,Not Found
N. Cristi-Cambiaso,Not Found
C. Navarrete,Not Found
M. Catelan,Not Found
M. Zoccali,Not Found
C. Quezada,Not Found
A. Andrade,Not Found
I. Saviane,Not Found
L. Monaco,Not Found
M. Gullieuszik,Not Found
Reza Ansari,Not Found
Gabriela A. Marques,Not Found
John P. Marriner,Not Found
Olivier Perdereau,Not Found
Elena Pinetti,Not Found
Lily Robinthal,Not Found
Albert Stebbins,Not Found
Haoxuan Sun,Not Found
Peter Timbie,Not Found
Gregory S. Tucker,Not Found
Eli Doyle,Not Found
Jocelyn Chu,Not Found
E. Revsen Karaalp,Not Found
Xuelei Chen,Not Found
Jixia Li,Not Found
Fengquan Wu,Not Found
Bing Yan,Not Found
Shu Wang,Not Found
Jian Gao,Not Found
Yuxi Wang,Not Found
Bingqiu Chen,Not Found
Mageshwaran Tamilan,Not Found
Hosein Rajabi,Not Found
Zhejian Liu,Not Found
Fereshteh Rajabi,Not Found
Martin Houde,Not Found
P. C. Hinton,Not Found
D. A. Brain,Not Found
N. R. Schnepf,Not Found
R. Jarvinen,Not Found
J. Cessna,Not Found
F. Bagenal,Not Found
Dan Zhou,Not Found
Jing Zhong,Not Found
Jianchun Shi,Not Found
Zhenghong Tang,Not Found
Shiyin Shen,Not Found
Peng Jiang,Not Found
Jie Zhu,Not Found
Yong Yu,Not Found
Lixin Zheng,Not Found
Jianjun Cao,Not Found
Guoping Chen,Not Found
Xinyu Yao,Not Found
Congcong Zhang,Not Found
Lurun Shen,Not Found
Hui Zhang,Not Found
Xiang Pan,Not Found
Chenwei Yang,Not Found
Tuo Ji,Not Found
Xian Shi,Not Found
Hengxiao Guo,Not Found
Zhen Yan,Not Found
Donghai Zhao,Not Found
Liang Chen,Not Found
Jianeng Zhou,Not Found
Minfeng Gu,Not Found
Fuguo Xie,Not Found
Wenbiao Han,Not Found
Jinliang Hou,Not Found
Bixuan Zhao,Not Found
Wenwen Zuo,Not Found
Chun Xu,Not Found
Zhengyi Shao,Not Found
Lei Hao,Not Found
Jian Fu,Not Found
Hubiao Niu,Not Found
Jing Zhong,Not Found
Yu Zhang,Not Found
Jianchun Shi,Not Found
Rui Rong,Not Found
Jinzhong Liu,Not Found
Shiyin Shen,Not Found
Zhenghong Tang,Not Found
Dan Zhou,Not Found
Xueying Shao,Not Found
He Gao,Not Found
L. Palaversa,Not Found
E. Donev,Not Found
Ž. Ivezić,Not Found
K. Mrakovčić,Not Found
N. Caplar,Not Found
M. Jurić,Not Found
T. Jurkić,Not Found
S. Campos,Not Found
M. DeLucchi,Not Found
D. Jones,Not Found
K. Malanchev,Not Found
A.I. Malz,Not Found
S. McGuire,Not Found
B. Abel,Not Found
L. Girardi,Not Found
G. Pastorelli,Not Found
M. Trabucchi,Not Found
S. Zaggia,Not Found
E. Acosta,Not Found
C.L. Adair,Not Found
J. Andrew,Not Found
É. Aubourg,Not Found
A.E. Bauer,Not Found
W. Beebe,Not Found
E.C. Bellm,Not Found
R.D. Blum,Not Found
M.T. Booth,Not Found
A. Boucaud,Not Found
D. Branton,Not Found
D.L. Burke,Not Found
D. Calabrese,Not Found
J.L. Carlin,Not Found
H-F. Chiang,Not Found
Y. Choi,Not Found
A.J. Connolly,Not Found
S. Dagoret-Campagne,Not Found
P.N. Daly,Not Found
F. Daruich,Not Found
G. Daubard,Not Found
E. Dennihy,Not Found
H. Drass,Not Found
O. Eiger,Not Found
A.M. Eisner,Not Found
L.P. Guy,Not Found
J. Hoblitt,Not Found
P. Ingraham,Not Found
F. Jammes,Not Found
B.T. Jannuzi,Not Found
M.J. Jee,Not Found
T. Jenness,Not Found
R.L. Jones,Not Found
C. Juramy-Gilles,Not Found
S.M. Kahn,Not Found
Y. Kang,Not Found
A. Kannawadi,Not Found
L.S. Kelvin,Not Found
I.V. Kotov,Not Found
G. Kovács,Not Found
N.R. Kurita,Not Found
T. Lange,Not Found
D. Laporte,Not Found
J.C. Lazarte,Not Found
S. Liang,Not Found
M. Lopez,Not Found
N.B. Lust,Not Found
M. Lutfi,Not Found
O. Lynn,Not Found
G. Mainetti,Not Found
F. Menanteau,Not Found
M. Miller,Not Found
M. Moniez,Not Found
N. Sedaghat,Not Found
E. Nourbakhsh,Not Found
H.Y. Park,Not Found
J.R. Peterson,Not Found
R. Plante,Not Found
A. Plazas Malagón,Not Found
M.N. Porter,Not Found
K.A. Reil,Not Found
V.J. Riot,Not Found
A. Roodman,Not Found
E.S. Rykoff,Not Found
R.H. Schindler,Not Found
J. Sebag,Not Found
R.A. Shaw,Not Found
A. Shugart,Not Found
K.B. Siruno,Not Found
J.A. Smith,Not Found
J.D. Swinbank,Not Found
J.G. Thayer,Not Found
S. Thomas,Not Found
R. Tighe,Not Found
D.L. Tucker,Not Found
M. Turri,Not Found
E.K. Urbach,Not Found
B. Van Klaveren,Not Found
W. van Reeven,Not Found
C.Z. Waters,Not Found
B. Willman,Not Found
Prantik Nandi,Not Found
Narendranath Layek,Not Found
Sandip K Chakrabarti,Not Found
Sachindra Naik,Not Found
Priyadarshee P. Dash,Not Found
Emma Kun,Not Found
Santiago del Palacio,Not Found
Imre Bartos,Not Found
Francis Halzen,Not Found
Julia Becker Tjus,Not Found
Peter L. Biermann,Not Found
Anna Franckowiak,Not Found
Claudio Ricci,Not Found
Ping Li,Not Found
Wen-Ping Liao,Not Found
Sheng-Bang Qian,Not Found
Li-Ying Zhu,Not Found
Jia Zhang,Not Found
Qi-Bin Sun,Not Found
Fang-Bin Meng,Not Found
Susanna Bisogni,Not Found
Giustina Vietri,Not Found
Andrea Travascio,Not Found
Adriana Gargiulo,Not Found
Chiara Mancini,Not Found
Swayamtrupta Panda,Not Found
Sohini Kayal,Not Found
P. Gayatri,Not Found
Mridweeka Singh,Not Found
Kuntal Misra,Not Found
H.E.S.S. collaboration,Not Found
J. H. Gillanders,Not Found
A. Flors,Not Found
R. Ferreira da Silva,Not Found
Rainer Spurzem,Not Found
Jessica N. López-Sánchez,Not Found
Diana Bakirova,Not Found
Oleg Malkov,Not Found
Bihag Dave,Not Found
Mina Ghodsi Yengejeh,Not Found
András Kovács,Not Found
István Szapudi,Not Found
István Csabai,Not Found
T. R. Hunter,Not Found
C. L. Brogan,Not Found
G. C. MacLeod,Not Found
C. J. Cyganowski,Not Found
R. A. Burns,Not Found
B. A. McGuire,Not Found
João Victor Corrêa-Rodrigues,Not Found
Jane Gregorio-Hetem,Not Found
Vinicius Mikuni,Not Found
Ibrahim Elsharkawy,Not Found
Benjamin Nachman,Not Found
Immanuel Christopher Jebaraj,Not Found
Mikhail Malkov,Not Found
Nicolas Wijsen,Not Found
Jens Pomoell,Not Found
Vladimir Krasnoselskikh,Not Found
Nina Dresing,Not Found
Rami Vainio,Not Found
Kirk Long,Not Found
Keith Horne,Not Found
Jason Dexter,Not Found
Benoit Tremblay,Not Found
Ava Polzin,Not Found
Katherine E. Whitaker,Not Found
C. Megan Urry,Not Found
Henna Abunemeh,Not Found
Sanyukta Agarwal,Not Found
Aadya Agrawal,Not Found
Nathaniel Alden,Not Found
Ann-Marsha Alexis,Not Found
Sydney Andersen,Not Found
Melanie Archipley,Not Found
Yasmeen Asali,Not Found
Katie Auchettl,Not Found
Bradford Benson,Not Found
Binod Bhattarai,Not Found
Sarah Biddle,Not Found
Madison Brady,Not Found
Katelyn Breivik,Not Found
Disha Chakraborty,Not Found
Mikel Charles,Not Found
Hsiao-Wen Chen,Not Found
Josephine Chishala,Not Found
Anirudh Chiti,Not Found
Panagiota Eleftheria Christopoulou,Not Found
Mi Dai,Not Found
Flaminia Fortuni,Not Found
Shanika Galaudage,Not Found
Daniel Glazer,Not Found
Anika Goel,Not Found
Andrea Gokus,Not Found
Jenny E. Greene,Not Found
Ryn Grutkoski,Not Found
Yiqing Guo,Not Found
Joseph Guzman,Not Found
Renée Hložek,Not Found
Lindsay R. House,Not Found
Lillian N. Joseph,Not Found
Molly Beth Jourdan,Not Found
Tanvi Karwal,Not Found
Zuzanna Kocjan,Not Found
Emily Koivu,Not Found
Varun Kore,Not Found
Andrey Kravtsov,Not Found
Keerthi Kunnumkai,Not Found
Shalini Kurinchi-Vendhan,Not Found
Johannes U. Lange,Not Found
Sarah R. Loebman,Not Found
Kira Lund,Not Found
Julie Malewicz,Not Found
Olivia McAuley,Not Found
Rebecca McClain,Not Found
Stephen McKay,Not Found
Emily McPike,Not Found
Cassidy Metzger,Not Found
Lamiya A. Mowla,Not Found
Katherine Myers,Not Found
Erica Nelson,Not Found
Aline Novais,Not Found
Camilla Nyhagen,Not Found
Micah Oeur,Not Found
Lou Baya Ould Rouis,Not Found
Paarmita Pandey,Not Found
Raagini Patki,Not Found
Sonu Tabitha Paulson,Not Found
Haile M. L. Perkins,Not Found
Ashi Poorey,Not Found
Izabella Pozo,Not Found
Heather L. Preston,Not Found
Pazit Rabinowitz,Not Found
Alexandra S. Rahlin,Not Found
Janiris Rodriguez-Bueno,Not Found
Francisco Rodríguez Montero,Not Found
Huei Sears,Not Found
Álvaro Segovia Otero,Not Found
Uliana Solovieva,Not Found
Rachel Somerville,Not Found
Jessica Speedie,Not Found
Tjitske Starkenburg,Not Found
Laura Stiles-Clarke,Not Found
Chin Yi Tan,Not Found
Yu-Hsuan Teng,Not Found
Tanya Urrutia,Not Found
Padmavathi Venkatraman,Not Found
Margaret E. Verrico,Not Found
Amanda Wasserman,Not Found
Claire E. Williams,Not Found
Tony Wong,Not Found
Shirin Gul Zaidi,Not Found
Chantene Zichterman,Not Found
Akanksha Dagore,Not Found
Prajwel Joseph,Not Found
S. N. Tandon,Not Found
Annapurni Subramaniam,Not Found
S. K. Ghosh,Not Found
C. S. Stalin,Not Found
Malcolm K. Druett,Not Found
Graham S. Kerr,Not Found
Joel C. Allred,Not Found
Philippa K. Browning,Not Found
Giulio Del Zanna,Not Found
Jaroslav Dudík,Not Found
Robertus Erdélyi,Not Found
Andrzej Fludra,Not Found
David R. Graham,Not Found
Hamish A. S. Reid,Not Found
Laura A. Hayes,Not Found
Sarah A. Matthews,Not Found
James A. McLaughlin,Not Found
Christopher M. J. Osborne,Not Found
Alex G. M. Pietrow,Not Found
Vanessa Polito,Not Found
Alex J. B. Russell,Not Found
Peter F. Wyper,Not Found
Samuel Granovsky,Not Found
Alexander G. Kosovichev,Not Found
Irina N. Kitiashvili,Not Found
Alan A. Wray,Not Found
Jangho Bae,Not Found
Bomee Lee,Not Found
Myungshin Im,Not Found
Hyeonguk Bahk,Not Found
Kim Dachan,Not Found
Ho Seong Hwang,Not Found
Sungryong Hong,Not Found
Suk Kim,Not Found
Minjin Kim,Not Found
Taewan Kim,Not Found
Jeyeon Lee,Not Found
Jubee Sohn,Not Found
Hyunmi Song,Not Found
Seo-Won Chang,Not Found
Yun-Ting Cheng,Not Found
Andreas L. Faisst,Not Found
Zhaoyu Huai,Not Found
Woong-Seob Jeong,Not Found
Ji Hoon Kim,Not Found
Dohyeong Kim,Not Found
Yongjung Kim,Not Found
Seong-Kook Lee,Not Found
Daniel C. Masters,Not Found
Eunhee Ko,Not Found
Xue-Zhao Chang,Not Found
HouJun Lü,Not Found
Jia-Ming Chen,Not Found
En-Wei Liang,Not Found
Hao Li,Not Found
Tanausú del Pino Alemán,Not Found
Javier Trujillo Bueno,Not Found
Evgenii O. Vasiliev,Not Found
Biman B. Nath,Not Found
Tomohiro Fujita,Not Found
Tomo Takahashi,Not Found
Sora Yamashita,Not Found
Evgenii O. Vasiliev,Not Found
Asim Kumar Saha,Not Found
Tuhin Malik,Not Found
Ritam Mallick,Not Found
Illya Plotnikov,Not Found
Alexis P. Rouillard,Not Found
Athanasios Kouloumvakos,Not Found
Immanuel Jebaraj,Not Found
Yutong Wang,Not Found
Yunxiang Xiao,Not Found
Yonglin Tian,Not Found
Junyong Li,Not Found
Jing Wang,Not Found
Yisheng Lv,Not Found
Peng Zhang,Not Found
Chen-Wei Wang,Not Found
Zheng-Hang Yu,Not Found
Ren-Zhou Gui,Not Found
Shao-Lin Xiong,Not Found
Xiao-Bo Li,Not Found
Li-Ming Song,Not Found
Shi-Jie Zheng,Not Found
Xiao-Yun Zhao,Not Found
Yue Huang,Not Found
Wang-Chen Xue,Not Found
Ya-Qi Wang,Not Found
Long-Bo Han,Not Found
Jia-Cong Liu,Not Found
Chao Zheng,Not Found
Wen-Jun Tan,Not Found
Sheng-Lun Xie,Not Found
Ce Cai,Not Found
Yan-Qiu Zhang,Not Found
Hao-Xuan Guo,Not Found
Yue Wang,Not Found
Yang-Zhao Ren,Not Found
Ranfang Zheng,Not Found
Zheyu Lin,Not Found
Xu Kong,Not Found
Dezheng Meng,Not Found
Zelin Xu,Not Found
Lulu Fan,Not Found
Ji-an Jiang,Not Found
Ning Jiang,Not Found
Jie Lin,Not Found
Tinggui Wang,Not Found
Qingfeng Zhu,Not Found
Feng Li,Not Found
Ming Liang,Not Found
Hao Liu,Not Found
Zheng Lou,Not Found
Wentao Luo,Not Found
Jinlong Tang,Not Found
Hairen Wang,Not Found
Jian Wang,Not Found
Yongquan Xue,Not Found
Dazhi Yao,Not Found
Hong-fei Zhang,Not Found
Wen Zhao,Not Found
Xianzhong Zheng,Not Found
Yingxi Zuo,Not Found
A-Li Luo,Not Found
Cody Carr,Not Found
Renyue Cen,Not Found
Brian Fleming,Not Found
Sophia Flury,Not Found
Stephan McCandliss,Not Found
Sally Oey,Not Found
Allison Strom,Not Found
Dorian Araya,Not Found
Felipe Herrera,Not Found
Nelson Videla,Not Found
Ana Mitrašinović,Not Found
Marko Grozdanović,Not Found
Ana Lalović,Not Found
Milena Jovanović,Not Found
Michal Bilek,Not Found
Nataša Pavlov,Not Found
Alexei V. Moiseev,Not Found
Dmitry V. Oparin,Not Found
J. I. Katz,Not Found
Yuto Kuwayama,Not Found
Yongming Liang,Not Found
Kentaro Nagamine,Not Found
Yuri Oku,Not Found
Daisuke Nishihama,Not Found
Daisuke Toyouchi,Not Found
Keita Fukushima,Not Found
Hidenobu Yajima,Not Found
Hyunbae Park,Not Found
Masami Ouchi,Not Found
C. Dudeja,Not Found
J. Roy,Not Found
U. Panda,Not Found
S. Bhattacharyya,Not Found
Valeri V. Makarov,Not Found
Mar Pérez Sar,Not Found
Carlos Hernández Monteagudo,Not Found
András Kovács,Not Found
Alice Pisani,Not Found
Qinan Wang,Not Found
David O. Jones,Not Found
Justin D. R. Pierel,Not Found
Matthew R. Siebert,Not Found
W. D'Arcy Kenworthy,Not Found
Richard Kessler,Not Found
Mi Dai,Not Found
Ryan J. Foley,Not Found
Ori D. Fox,Not Found
Suvi Gezari,Not Found
Sebastian Gomez,Not Found
Peter McGill,Not Found
Armin Rest,Not Found
César Rojas-Bravo,Not Found
Melissa Shahbandeh,Not Found
Lou Strolger,Not Found
