title,ads_bibcode,affiliations,total_citations,non_self_citations,status
A Correlation Between Black Hole Mass and Dark Matter Halo Concentration in Cosmological Simulations,2025arXiv251217964N,,0,0,success
CoBiTS: Single-detector discrimination of binary black hole signals from glitches using deep learning,2025arXiv251217975V,,0,0,success
"Bridging stellar evolution and planet formation: from birth, to survivors of the fittest, to the second generation of planets",2025arXiv251217976C,,0,0,success
Diffusive or Ballistic? Distributions and Spectra of PeV Cosmic Rays around Microquasars,2025arXiv251217994F,,0,0,success
Pulsational Instability of Quasi-Stars: Interpreting the Variability of Little Red Dots,2025arXiv251217997C,,0,0,success
First-Principles Formalism for Simulating Self-Interacting Dark Matter,2025arXiv251217998R,,0,0,success
The Clustering of Little Red Dots from Ultra-Strongly Self-Interacting Dark Matter,2025arXiv251218000R,,0,0,success
Time-resolved X-ray spectra of Proxima Centauri as seen by XMM-Newton,2025arXiv251218011D,,0,0,success
Widespread Shocks in an Odd Radio Circle Host Galaxy,2025arXiv251218012C,,0,0,success
Monitoring and Evaluating Astronomy-for-Development Initiatives,2025arXiv251218015M,,2,0,success
Characterization of telecentric dual-etalon Fabry-Pérot systems from observational data. Properties of the CRISP2 instrument at the Swedish 1-m Solar Telescope,2025arXiv251218039D,,0,0,success
Constrained Brownian-bridge prior for neutron-star equation-of-state inference,2025arXiv251218044G,,1,1,success
Designing the Community Infrastructure for ESO's Next Transformational Facility. Equitable Governance and Sustainable Teams for 2040s Astronomy,2025arXiv251218047P,,0,0,success
Precision Spectroscopy for 1.9 Million Galaxies from SDSS-IV: Improved Spectral Measurements and Catalogs for eBOSS,2025arXiv251218076M,,0,0,success
A recurrent 70-100 minute quasi-periodic pulsation in the intermediate-aged mid-M dwarf GJ 3512,2025MNRAS.tmp.2125L,"López-Santiago, J.: Universidad Carlos III de Madrid, Department of Signal Theory and Communications, Avenida de la Universidad 30, 28911 Leganés (Madrid), Spain; Reale, F.: INAF-Osservatorio Astronomico di Palermo, Piazza del Parlamento 1, 90134 Palermo, Italy; Dipartimento di Fisica &amp; Chimica, Universitá di Palermo, Piazza del Parlamento 1, 90134 Palermo, Italy; Micela, G.: INAF-Osservatorio Astronomico di Palermo, Piazza del Parlamento 1, 90134 Palermo, Italy; Martino, L.: Università degli Studi di Catania, Corso Italia 55, Catania, Italy; Vázquez-Vilar, G.: Universidad Carlos III de Madrid, Department of Signal Theory and Communications, Avenida de la Universidad 30, 28911 Leganés (Madrid), Spain; Miguez, J.: Universidad Carlos III de Madrid, Department of Signal Theory and Communications, Avenida de la Universidad 30, 28911 Leganés (Madrid), Spain",0,0,success
The rotation-magnetism relationship in solar-type stars. Constraining magnetic flux emergence rates,2025arXiv251218095I,,0,0,success
The Impact of the MAST Data Archive,2025arXiv251218101S,,0,0,success
Double Hot Jupiter Formation through Mirrored ZLK Migration in Binary Star Systems: The Case of WASP-94,2025arXiv251218108L,,0,0,success
A Search for Radio Technosignatures from Interstellar Object 3I/ATLAS with the Allen Telescope Array,2025arXiv251218142S,,0,0,success
Continuous Wide-Field Optical Monitoring for Very Early-Phase Transient Discovery,2025arXiv251218157D,,0,0,success
Red noise-based false alarm thresholds for astrophysical periodograms via Whittle's approximation to the likelihood,2025arXiv251218205E,,0,0,success
Unlocking the physics of dwarf galaxies in the 2040s: The case for a next-generation wide-field spectroscopic facility with fibres and IFUs,2025arXiv251218260T,,0,0,success
Discovery of a Luminosity-dependent Continuum Lag in NGC 4151 from Photometric and Spectroscopic Continuum Reverberation Mapping,2025arXiv251218276F,,0,0,success
Measurements of quasar proximity zones with the Lyman-$α$ forest of DESI Y1 quasars,2025arXiv251218281H,,0,0,success
Robust and scalable simulation-based inference for gravitational wave signals with gaps,2025arXiv251218290M,,0,0,success
On Lorentz Variability of Magnetically Dominated Relativistic Outflows,2025arXiv251218323B,,0,0,success
The size of 3I/ATLAS from non-gravitational acceleration,2025arXiv251218341F,,0,0,success
Standard Sirens in 2040s: Probing the Cosmic Expansion History with Gravitational Waves and Spectroscopic Galaxy Surveys,2025arXiv251218369B,,0,0,success
Energy-Dependent Shifts of Medium-Scale Anisotropies in Very-High-Energy Cosmic Rays Observed by LHAASO-KM2A,2025arXiv251218401C,,0,0,success
The evolution of obscured AGN across cosmic time -- A large quasar survey for the 2040s,2025arXiv251218421U,,0,0,success
Unveiling Long-Period Variables in M33's Central Region: Insights into Stellar Evolution and Star Formation via Near-Infrared Photometry,2025arXiv251218423A,,0,0,success
Imaging the LkCa 15 system in polarimetry and total intensity without self-subtraction artefacts,2025arXiv251218439S,,0,0,success
Observed Low-Plasma-$β$ Temperature Anisotropy Constraint Driven by $α$-Particle Drift,2025arXiv251218485M,,0,0,success
Searches for Prompt Low-Frequency Radio Counterparts to Gravitational Wave Event S250206dm with the OVRO-LWA Time Machine,2025arXiv251218543K,,0,0,success
"Harmony of the Spheres: Extension to All Points of an Algorithm for Producing a Density Field with Given Two-, Three-, and Four-Point Correlation Functions",2025arXiv251218547S,,0,0,success
Detecting stellar flares in the presence of a deterministic trend and stochastic volatility,2025arXiv251218559W,,0,0,success
Formation of Be stars via wind accretion: Case study on Black hole + Be star binaries,2025arXiv251218565L,,0,0,success
The Extended Baryonic Tully-Fisher Relation for MaNGA Galaxies,2025arXiv251218577R,,0,0,success
Linear Analyses of Thermal Instability in Stratified Medium,2025MNRAS.tmp.2131S,"Seno, Izumi: Department of Physics, Graduate School of Science, Nagoya University, Furo-cho, Chikusa-ku, Nagoya, Aichi 464-8602, Japan;; Inutsuka, Shu-ichiro: Department of Physics, Graduate School of Science, Nagoya University, Furo-cho, Chikusa-ku, Nagoya, Aichi 464-8602, Japan; Shimoda, Jiro: Institute for Cosmic Ray Research, The University of Tokyo, 5-1-5 Kashiwanoha, Kashiwa, Chiba 277-8582, Japan;",0,0,success
Solar jet-induced perturbation propagating through coronal loops and in-loop electron beam transport indicated by type II and type N radio bursts,2025arXiv251218657C,,0,0,success
Photospheric horizontal magnetic field decrease preceding a major solar eruption,2025arXiv251218690L,,0,0,success
Towards Understanding the Milky Way's Matter Field and Dynamical Accretion History based on AI-GS3 Hunter,2025arXiv251218693W,,0,0,success
Towards Unveiling the Origins of the Milky Way Bulge through Multi-band-Messenger Sky Surveys,2025arXiv251218708W,,0,0,success
"Addendum to ""Cygnus~X-3 as a semi-hidden PeVatron'' discussing the LHAASO 2025 data",2025arXiv251218786K,,0,0,success
Recurrence plot analysis of blazar gamma-ray light curves: Exploiting the time-domain capabilities of Fermi-LAT,2025arXiv251218794G,,0,0,success
Spider-Webb: Spatially-Resolved Evidence of Inside-Out Quenching in the Spiderweb Protocluster at $z \sim 2$,2025arXiv251218805L,,0,0,success
Nanohertz Gravitational Waves,2025arXiv251218822S,,0,0,success
Accretion geometry in neutron star low-mass X-ray binaries during the hard spectral state,2025MNRAS.tmp.2130M,"Meyer-Hofmeister, Emmi: Max-Planck-Institut für Astrophysik, Karl-Schwarzschild-Str. 1, D-85741 Garching, Germany; Wang, Yilong: National Astronomical Observatories, Chinese Academy of Sciences, 20A Datun Road, Beijing 100101, China; School of Astronomy and Space Science, University of Chinese Academy of Sciences, 19A Yuquan Road, Beijing 100049, China;; Liu, B. F.: National Astronomical Observatories, Chinese Academy of Sciences, 20A Datun Road, Beijing 100101, China; School of Astronomy and Space Science, University of Chinese Academy of Sciences, 19A Yuquan Road, Beijing 100049, China",0,0,success
Detecting false positives with PLATO using double-aperture photometry and centroid shifts,2025arXiv251218844G,,0,0,success
Orbital classification in rotating bar potentials using an empirical proxy of the second integral of motion,2025arXiv251218870X,,0,0,success
Solar Vortex Detection With Velocity Field Normalisation: Eliminating False Positives,2025arXiv251218876M,,0,0,success
Constraints on the polarization angle oscillations of the Crab Nebula with the Simons Array and its applications to the search for axion-like particles,2025arXiv251218882A,,0,0,success
EuroHPC SPACE CoE: Redesigning Scalable Parallel Astrophysical Codes for Exascale,2025arXiv251218883S,,1,0,success
Optical SETI at ESO in the 2040s,2025arXiv251218903I,,0,0,success
Weak Lensing Mass Calibration of the ACT DR5 Galaxy Clusters with the DES Year 3 Weak Lensing Data,2025arXiv251218935S,,0,0,success
Validating the CROCODILE model within the AGORA galaxy simulation framework,2025arXiv251218945G,,0,0,success
Fragmenting Filaments and Evolving Cores -- Insights from Dust Polarisation Study of a filament in Northern Orion B,2025arXiv251218992M,,0,0,success
$Ω_1Ω_2$-$Λ$CDM: A promising natural extension of the standard model of cosmology,2025arXiv251219000K,,0,0,success
On the Diversity of Pulsar's Frequency-Dependent Circular Polarization,2025arXiv251219056C,,0,0,success
The Milky Way Bulge Extra-Tidal Star Survey: NGC 6569,2025arXiv251219074H,,0,0,success
"Physical Conditions for Synthesis of Sc, Ti, and V in Neutrino-driven Supernovae",2025arXiv251219101H,,0,0,success
The Simons Observatory: Detector Polarization Angle Calibration using Sparse Wire Grid with Initial Data Sets of the Small Aperture Telescope,2025arXiv251219102N,,0,0,success
GW231123: A Case for Binary Microlensing in a Strong Lensing Field,2025arXiv251219118S,,1,1,success
Height and Energy Evolution of X-ray Double Sources in a Solar Flare,2025arXiv251219144P,,0,0,success
DESI DR2 Constraints on the $R_h=ct$ Universe: Model Viability and Comparison with $Λ$CDM,2025arXiv251219175M,,0,0,success
Raman Spectroscopy of Salt Deposits from the Simulated Subsurface Ocean of Enceladus,2025arXiv251219183T,,0,0,success
ALMA Observations of Cold Methanol Gas in the Large Magellanic Cloud (LMC): N79 South GMC,2025arXiv251219185M,,0,0,success
Illuminating the Dark Sector: Understanding Modified Gravity Signatures with Cross-Correlations of Gravitational Waves and Large-Scale Structure,2025arXiv251219186D,,0,0,success
The IXPE and multifrequency polarimetric view of the extreme blazars 1ES 1101-232 and RGB J0710+591,2025arXiv251219193T,,0,0,success
Enhanced Non-Thermal Line Broadening inside Coronal Cavities above Solar Prominences revealed by Spectral Imaging CoronaGraph,2025ApJ...995L..71H,"Huangfu, Chenxi: Shandong Key Laboratory of Space Environment and Exploration Technology, Institute of Space Sciences, School of Space Science and Technology, Shandong University, Shandong, People's Republic of China; Fu, Hui: Shandong Key Laboratory of Space Environment and Exploration Technology, Institute of Space Sciences, School of Space Science and Technology, Shandong University, Shandong, People's Republic of China; Li, Bo: Shandong Key Laboratory of Space Environment and Exploration Technology, Institute of Space Sciences, School of Space Science and Technology, Shandong University, Shandong, People's Republic of China; Huang, ZhengHua: Institute of Science and Technology for Deep Space Exploration, Suzhou Campus, Nanjing University, Suzhou 215163, People's Republic of China; Sun, MingZhe: Shandong Key Laboratory of Space Environment and Exploration Technology, Institute of Space Sciences, School of Space Science and Technology, Shandong University, Shandong, People's Republic of China; Liu, WeiXin: Shandong Key Laboratory of Space Environment and Exploration Technology, Institute of Space Sciences, School of Space Science and Technology, Shandong University, Shandong, People's Republic of China; Yu, XiaoYu: Shandong Key Laboratory of Space Environment and Exploration Technology, Institute of Space Sciences, School of Space Science and Technology, Shandong University, Shandong, People's Republic of China; Xia, LiDong: Shandong Key Laboratory of Space Environment and Exploration Technology, Institute of Space Sciences, School of Space Science and Technology, Shandong University, Shandong, People's Republic of China",0,0,success
Outburst Characteristics of Transient Low Mass X-ray Binary 4U 1608-52,2025arXiv251219204G,,0,0,success
Multi-wavelength study of the pre-eruption dip in the recurrent nova T Coronae Borealis preceding imminent nova eruption,2025arXiv251219218P,,0,0,success
Orbital Stability of Moons Around the TRAPPIST-1 Planets,2025arXiv251219226D,,0,0,success
Disentangling the hemispheres of Teegarden's Star b with LIFE,2025arXiv251219231B,,0,0,success
Identifying Quasi-Periodic Micropulses in Pulsars with FAST Using Convolutional Neural Networks,2025arXiv251219235W,,0,0,success
Dynamically close galaxy pairs from the unWISE survey: Testing the merger-AGN-star formation connection,2025arXiv251219236C,,0,0,success
Towards DM-free search for Fast Radio Bursts with Machine Learning -- I. An implementation on multibeam data,2025arXiv251219249C,,0,0,success
Sensitivity of CTAO to axion-like particles from blazars: a machine learning approach,2025arXiv251219259S,,0,0,success
Observations of the 21 cm HI Line from the Milky Way galaxy using Pyramidal Horn Radio Telescope,2025arXiv251219262B,,0,0,success
Search for Axion-Like Particles from Nearby Pre-Supernova Stars,2025arXiv251219298M,,0,0,success
Optical Follow-Up Strategies for the Next Neutrino-Detected Galactic Core-Collapse Supernova,2025arXiv251219301D,,0,0,success
Galaxy And Mass Assembly (GAMA): Deconstructing the galaxy stellar mass function by star formation and environment,2025arXiv251219310S,,0,0,success
Machine learning for the early classification of broad-lined Ic supernovae,2025arXiv251219386C,,0,0,success
Diagnosing the AGN population origin of TeV neutrinos with their spatial correlation,2025arXiv251219403C,,0,0,success
Dynamics of clusters of galaxies in the presence of dark energy: Virgo cluster,2025arXiv251219436H,,0,0,success
GALATEA: The 15-m Galactic Archaeology Spectroscopic Surveyor,2025arXiv251219444A,,0,0,success
Confining nonlinear electrodynamics black holes: from thermodynamic phases to high-frequency phenomena with accretion process,2025arXiv251219448S,,0,0,success
Revealing the intricacies of radio galaxies and filaments in the merging galaxy cluster Abell 2255. II. Properties of filaments using multi-frequency radio data,2025arXiv251219471D,,0,0,success
Low-redshift 3D Lyman-α Forest Correlations with China Space Station Telescope,2025arXiv251219474T,,0,0,success
Strong model-agnostic constraints for twin-star solutions,2025arXiv251219477B,,0,0,success
Predicting coronal mass ejection travel times using enhanced model-guided machine learning,2025arXiv251219492L,,0,0,success
Shock-induced magnetic reconnection driving Ellerman bomb emission and a spicule,2025arXiv251219547S,,0,0,success
Do low-redshift observations open the doors to an open universe?,2025arXiv251219565W,,0,0,success
Deep Learning for Primordial $B$-mode Extraction,2025arXiv251219577G,,0,0,success
Non-local-in-time structure formation and sixth-order galaxy bias,2025arXiv251219578E,,0,0,success
Impact of Galaxy Cluster Environment on the Stellar Mass Function of Galaxies,2025arXiv251219591M,,0,0,success
Period Change of the Binary System WR+O V444 Cyg: Updated Ephemeris Formula,2025arXiv251219595A,,0,0,success
Deep Hα survey of the Coma cluster: The Catalog,2025arXiv251219626K,,0,0,success
InterACTing dark radiation models after ACT,2025arXiv251219633C,,0,0,success
High-Precision Differential Radial Velocities of C3PO Wide Binaries: A Test of Modified Newtonian Dynamics (MOND),2025arXiv251219652M,,0,0,success
A High-Resolution NUV Transmission Spectrum of KELT-9b: Mg II and Fe II Escaping from the Hottest Known Giant Planet,2025arXiv251219662B,,0,0,success
A cosmologist's take on Little Red Dots,2025arXiv251219666D,,0,0,success
Are Primordial Black Holes Truly Fine-Tuned?,2025arXiv251219668I,,1,1,success
Ionizing Photon Production Efficiencies and Chemical Abundances at Cosmic Dawn Revealed by Ultra-Deep Rest-Frame Optical Spectroscopy of JADES-GS-z14-0,2025arXiv251219695H,,0,0,success
Breakthrough Listen Observations of 3I/ATLAS with the Green Bank Telescope at 1-12 GHz,2025RNAAS...9..351J,"Jacobson-Bell, Ben: Department of Astronomy, University of California, Berkeley, 501 Campbell Hall #3411, Berkeley, CA 94720, USA; Breakthrough Listen, University of California, Berkeley, 501 Campbell Hall #3411, Berkeley, CA 94720, USA; Croft, Steve: Breakthrough Listen, University of California, Berkeley, 501 Campbell Hall #3411, Berkeley, CA 94720, USA; Breakthrough Listen, University of Oxford, Denys Wilkinson Building, Keble Road, Oxford OX1 3RH, UK; SETI Institute, 339 Bernardo Ave, Suite 200, Mountain View, CA 94043, USA; White, Ellie: Department of Mathematics and Physics, Marshall University, Huntington, WV 25755, USA; Siemion, Andrew P. V.: Department of Astronomy, University of California, Berkeley, 501 Campbell Hall #3411, Berkeley, CA 94720, USA; Breakthrough Listen, University of Oxford, Denys Wilkinson Building, Keble Road, Oxford OX1 3RH, UK; SETI Institute, 339 Bernardo Ave, Suite 200, Mountain View, CA 94043, USA; University of Malta, Institute of Space Sciences and Astronomy, Malta; Department of Physics and Astronomy, University of Manchester, UK; Lebofsky, Matthew: Department of Astronomy, University of California, Berkeley, 501 Campbell Hall #3411, Berkeley, CA 94720, USA; Breakthrough Listen, University of California, Berkeley, 501 Campbell Hall #3411, Berkeley, CA 94720, USA; MacMahon, David H. E.: Department of Astronomy, University of California, Berkeley, 501 Campbell Hall #3411, Berkeley, CA 94720, USA; Breakthrough Listen, University of California, Berkeley, 501 Campbell Hall #3411, Berkeley, CA 94720, USA",0,0,success
SN 2025ogs: A Spectroscopically-Normal Type Ia Supernova at z = 2 as a Benchmark for Redshift Evolution,2025arXiv251219783S,,1,1,success
K-DRIFT Science Theme: Illuminating the Next Era of Galaxy Cluster Science,2025arXiv251219787Y,,0,0,success
A multiwavelength study of an early galaxy group merger in COSMOS revealed by two tailed radio galaxies at z = 0.35,2025A&A...704A.337V,"Vulić, P.: Department of Physics, University of Zagreb, Bijenička cesta 32, Zagreb, Croatia;; Smolčić, V.: Department of Physics, University of Zagreb, Bijenička cesta 32, Zagreb, Croatia;; Gozaliasl, G.: Department of Computer Science, Aalto University, PO Box 15400, 00076, Espoo, Finland; Department of Physics, University of Helsinki, P.O. Box 64, FI-00014, Helsinki, Finland;; Delvecchio, I.: INAF ─ Osservatorio di Astrofisica e Scienza dello Spazio di Bologna, Via Gobetti 93/3, I-40129, Bologna, Italy;; Finoguenov, A.: Department of Physics, University of Helsinki, P.O. Box 64, FI-00014, Helsinki, Finland;",0,0,success
"New and updated timing models for seven young energetic X-ray pulsars, including the Big Glitcher PSR J0537-6910",2025MNRAS.tmp.2132H,"Ho, Wynn C. G.: Department of Physics and Astronomy, Haverford College, 370 Lancaster Avenue, Haverford, PA 19041, USA;; Kuiper, Lucien: Space Research Organisation Netherlands, Niels Bohrweg 4, 2333 CA, Leiden, Netherlands; Espinoza, Cristóbal M.: Departamento de Física, Universidad de Santiago de Chile (USACH), Av. Víctor Jara 3493, Estación Central, Chile; Center for Interdisciplinary Research in Astrophysics and Space Sciences (CIRAS), Universidad de Santiago de Chile, Santiago, Chile; Leon, Timothy: Department of Physics and Astronomy, Haverford College, 370 Lancaster Avenue, Haverford, PA 19041, USA; Waybright, Bennett: Department of Physics and Astronomy, Haverford College, 370 Lancaster Avenue, Haverford, PA 19041, USA; Guillot, Sebastien: IRAP, CNRS, 9 avenue du Colonel Roche, BP 44346, 31028 Toulouse Cedex 4, France; Université de Toulouse, CNES, UPS-OMP, 31028 Toulouse, France; Arzoumanian, Zaven: X-Ray Astrophysics Laboratory, NASA Goddard Space Flight Center, Greenbelt, MD, 20771, USA; Bogdanov, Slavko: Columbia Astrophysics Laboratory, Columbia University, 550 West 120th Street, New York, NY 10027, USA; Harding, Alice K.: Theoretical Division, Los Alamos National Laboratory, Los Alamos, NM 87545, USA",0,0,success
Obtaining Magnetization of Super-Alfvénic Turbulence with the Structure Functions of Gradient Directions,2025arXiv251219816L,,0,0,success
VERITAS contributions to the 39th International Cosmic Ray Conference,2025arXiv251219835A,,0,0,success
The EUV Late-Phase: Statistical Results from 15 Years of Solar Dynamics Observatory Observations,2025arXiv251219845G,,0,0,success
Unfolding the Energy Spectrum of Ultra-High-Energy Cosmic Rays Using Pierre Auger Open Data,2025arXiv251219862K,,0,0,success
"Double-hump spectrum, pulse profile dip, and pulsed fraction spectra from the low-accretion regime in the X-ray pulsar MAXI J0655-013",2025arXiv251219876M,,0,0,success
Detecting Strongly-Lensed Supernovae in Wide-field Space Telescope Imaging via Deep Learning,2025arXiv251219886K,,0,0,success
Observational constraints on early time non-phantom behaviour of dynamical dark energy,2025arXiv251219888S,,1,1,success
Superluminal Wave Activation at Relativistic Magnetized Shocks,2025arXiv251219892M,,0,0,success
Astrophysical constraints on the cold equation of state of the strongly interacting matter,2025arXiv251219907K,,0,0,success
Observation of Large-Scale Kelvin-Helmholtz Instability Wave Driven by a Coronal Mass Ejection,2025arXiv251219942O,,0,0,success
Lyman Continuum escaping from in-situ formed stars in a tidal bridge at z = 3,2025arXiv251219967R,,0,0,success
Microlensing Black Hole Shadows-II: Constraining Primordial Black Hole Dark Matter using the photon rings of M87 and Sgr A*,2025arXiv251220037V,,0,0,success
Stable mass transfer in massive binaries leading to merging black holes,2025arXiv251220054X,,0,0,success
Unveiling the Dual Nature of V1180 Cas: UXor-like Dips and EXor-like Bursts Across a Decade,2025arXiv251220085C,,0,0,success
"Detection of dark companions via the combination of eclipse timing variation, Hipparcos and/or Gaia astrometry: the cases of V Puppis and CY Ari",2025arXiv251220087X,,0,0,success
Alfvénic solar wind intervals observed by Solar Orbiter: Exploiting the capability of the SWA plasma suite and source region investigation,2025arXiv251220098D,,0,0,success
The Solirad (So) as a Convenient Unit for Quoting Astronomical Irradiances for Planetary Insolations and Exoplanetary Instellations,2025arXiv251220126M,,0,0,success
Parity-odd Four-Point Correlation Function from DESI Data Release 1 Luminous Red Galaxy Sample,2025arXiv251220132H,,0,0,success
Abundance of cosmic voids in EFT of dark energy,2025arXiv251220171T,,0,0,success
Formation of an optically thick shocked shell in the very fast nova V1674 Herculis: the origin of superbrightness,2025arXiv251220175H,,0,0,success
Deep learning-driven atmospheric parameter prediction for hot subdwarf stars with synthetic and observed spectra,2025arXiv251220185L,,0,0,success
Decay of $f(R)$ quintessence into dark matter: mitigating the Hubble tension?,2025arXiv251220193M,,1,1,success
How Mergers and Flybys Shape Azimuthal Age Patterns in Spiral Galaxies,2025arXiv251220241C,,0,0,success
"The AI Scaling Wall of Diminishing Returns: Of LLMs, Electric Dogs, and General Relativity",2025arXiv251220264S,,0,0,success
Super-Eddington Accretion through a Multiwavelength Lens: Searching for Counterparts of Ultraluminous X-ray Sources,2025arXiv251220265A,,0,0,success
Presence of solar inner F-corona and coronal heating,2025arXiv251220266Q,,0,0,success
The impact of selection criteria on the properties of green valley galaxies,2025arXiv251220379N,,0,0,success
A Spectrum of Cosmological Rips and Their Observational Signatures,2025arXiv251220383A,,1,1,success
From Cosmology to Cosmonomy,2025arXiv251220416S,,0,0,success
The Indian Pulsar Timing Array Data Release 2: II. Customised Single-Pulsar Noise Analysis and Noise Budget,2025arXiv251220455N,,0,0,success
Machine Learning vs. SED-Fitting: A Comparative Analysis of Accuracy in Stellar Mass Estimation,2025arXiv251220544A,,0,0,success
Revisiting the near infrared Calcium triplet as metallicity indicator,2025arXiv251220574N,,0,0,success
The Sensitivity of PUEO to Cosmogenic Neutrinos and Exotic Physics Scenarios,2025arXiv251220594S,,0,0,success
Dynamical Dark Energy models in light of the latest observations,2025arXiv251220616D,,2,1,success
BASS.L. Near-infrared Data Release 3: A Spectral Atlas and Characterization of AGN,2025arXiv251220702G,,0,0,success
Flux rope formation through flux cancellation of sheared coronal arcades in a 3D convectively-driven MHD simulation,2025arXiv251220716V,,0,0,success
A Physics Informed Neural Network For Deriving MHD State Vectors From Global Active Regions Observations,2025arXiv251220747C,,0,0,success
"Simultaneous JWST, NuSTAR, and VLA Monitoring of Sgr A*: A Unified Picture of the Variable IR, X-ray and Radio Emission",2025arXiv251220786Y,,0,0,success
CORINOS IV: Quantifying Baseline-Fitting Uncertainties in SO$_2$ Ice Measurements with JWST/MIRI,2025arXiv251220820G,,0,0,success
"Thawing Quintessence: Priors, evidence, and likely trajectories",2025arXiv251220832S,,0,0,success
Revisiting the Mass Step: Environmental Dependence of Type Ia Supernovae in Low-Metallicity Host Galaxies,2025arXiv251220834P,,0,0,success
Universal relations between the quasinormal modes of neutron stars and magnetic tidal deformability,2025arXiv251220867S,,0,0,success
On the Relationship Between Nanoflare Energy and Delay in the Closed Solar Corona,2025arXiv251220875S,,0,0,success
Considering lensing effect on gravitational wave signals from black holes in mass gap,2025arXiv251220890Y,,0,0,success
Expanding Asteroseismic Studies in Star Clusters Using NASA's TESS and ESA's Gaia Missions,2025arXiv251220923M,,0,0,success
Mid-IR luminosity functions: inferred dusty cosmic star-formation and black hole accretion histories from the JWST SMILES,2025arXiv251220945L,,0,0,success
The polar IL Leo in a low accretion state,2025arXiv251220955S,,0,0,success
GW241011 and GW241110: Hints of Hierarchical Mergers from the Merger Entropy Index,2025arXiv251220965L,,0,0,success
IMPACTX: An X-ray Spectral Model for Polar Dust and Clumpy Torus,2025arXiv251220993F,,0,0,success
DRAGNs in the Forest: Identifying Artifacts with Random Forest Models in the VLASS DRAGNs Catalog,2025arXiv251220999E,,0,0,success
Quantum scattering of hot H/D on CO$_2$: Cross sections and rate coefficients for planetary atmospheres and their evolution,2025arXiv251221044B,,0,0,success
The transport of angular momentum for massive stars I. Formation of slowly rotating WNE stars,2025arXiv251221074S,,0,0,success
Asteroseismology and Dynamics Reveal Interior Structure and Coeval Evolution in the Triply Post-Main-Sequence system DG Leo,2025arXiv251221123L,,0,0,success
Evolution of the 2021 Outburst of GX 339-4 with AstroSat,2025MNRAS.tmp.2149S,"Sharma, Vaibhav: Department of Physics, Indian Institute of Technology Kanpur, Kanpur Nagar, Uttar Pradesh 208016, India; Misra, Ranjeev: Inter-University Center for Astronomy and Astrophysics, Ganeshkhind, Pune, Maharashtra 411007, India;; Yadav, J. S.: Space, Planetary and Astronomical Sciences and Engineering, IIT Kanpur, Kanpur Nagar, Uttar Pradesh 208016, India; Department of Astronomy and Astrophysics, Tata Institute of Fundamental Research, Mumbai, Maharashtra 400005, India; Garg, Akash: Inter-University Center for Astronomy and Astrophysics, Ganeshkhind, Pune, Maharashtra 411007, India;; Jain, Pankaj: Department of Physics, Indian Institute of Technology Kanpur, Kanpur Nagar, Uttar Pradesh 208016, India; Space, Planetary and Astronomical Sciences and Engineering, IIT Kanpur, Kanpur Nagar, Uttar Pradesh 208016, India",0,0,success
The disc instability model: original recipe and additional ingredients,2025arXiv251221188H,,0,0,success
Exploring the Role of Vector Potential and Plasma-$β$ in Jet Formation from Magnetized Accretion Flows,2025Univ...11..404P,"Palit, Ishika: Department of Physics, Institute of Astronomy National Tsing Hua University, Hsinchu 30013, Taiwan;; Sodejana, Miles Angelo Paloma: Department of Physics, University of Southern Mindanao─Main, Kabacan 9407, Cotabato, Philippines;; Yang, Hsiang-Yi Karen: Department of Physics, Institute of Astronomy National Tsing Hua University, Hsinchu 30013, Taiwan; Physics Division, National Center for Theoretical Sciences, Taipei 10617, Taiwan;",0,0,success
Assessing systematic uncertainties from spectral re-analysis of Cyg X-1 with different coronal geometries,2025arXiv251221230N,,0,0,success
Minijets and Broken Stationarity in a Blazar : Novel Insights into the Origin of $γ$-ray Variability in CTA 102,2025arXiv251221240R,,0,0,success
ZTF SN Ia DR2 follow-up: Characterization of subluminous Type Ia supernovae in the ZTF DR2 full sample,2025arXiv251221256A,,0,0,success
A Near-Infrared and Optical Study of NGC 5822: An Open Cluster Hosting Barium-stars and Lithium-Enriched Giant Stars,2025arXiv251221289H,,0,0,success
The Office of Astronomy for Development Impact Cycle,2025arXiv251221292M,,0,0,success
Changes in R Leonis over Two Centuries: Period evolution and dust shell development,2025arXiv251221296G,,0,0,success
Bar Formation in Disc Galaxies: Internal Kinematics and Environmental Influence in MaNGA Galaxies,2025arXiv251221303A,,0,0,success
Habitability of exoplanets orbiting flaring stars,2025arXiv251221357S,,0,0,success
ESO Expanding Horizons White Paper: Electromagnetic counterparts of massive BH mergers with LISA,2025arXiv251221359D,,0,0,success
Detection of Lensed Gravitational Waves in the Millihertz Band Using Frequency-Domain Lensing Feature Extraction Network,2025arXiv251221370W,,0,0,success
"A Velocity Coupled Radial Acceleration Ansatz for Disk-Galaxy Rotation Curves: Fits to SPARC, Bayesian Inference, and Parameter Identifiability",2025arXiv251221376D,,0,0,success
Sensitivity of Weak Lensing Surveys to Gravitational Waves from Inspiraling Supermassive Black Hole Binaries,2025arXiv251221392A,,0,0,success
On the Cooling of Compact Stars in Light of the HESS J1731-347 Remnant,2025arXiv251221406N,,0,0,success
Neural Network for Simulating Radio Emission from Extensive Air Showers,2025arXiv251221407S,,0,0,success
Impact of the EPOS.LHC-R hadronic interaction model on the Centaurus A ultrahigh-energy cosmic-ray scenario,2025arXiv251221415M,,0,0,success
A Modal Approach to Constrain Inflation through Numerical Bispectra,2025arXiv251221432Z,,0,0,success
Early Planet Formation in Embedded Disks (eDisk). XIX. Structures of molecular outflows,2025arXiv251221454F,,0,0,success
Elemental abundance pattern and temperature inversion on the dayside of HAT-P-70b observed with CARMENES and PEPSI,2025arXiv251221470G,,0,0,success
Episodic planetesimal disruptions triggered by dissipation of gas disk,2025arXiv251221493S,,1,1,success
Numerical Simulations of the Circularized Accretion Flow in Population III Star Tidal Disruption Events. I. The Accretion Flow and the Wind,2025arXiv251221500S,,0,0,success
Multiband Gravitational Wave Detection Prospects for M31 UCXB-1 System in Low and Middle Frequency Band,2025arXiv251221520G,,0,0,success
Can A Kinematically Hot and Thick Disk Form A Bar? : Role of Highly Spinning Dark Matter Halos,2025arXiv251221632K,,0,0,success
Particle production and Higgs reheating,2025arXiv251221658S,,0,0,success
Numerical simulation of lunar response to gravitational waves and its 3D topographic effect using the spectral-element method,2025arXiv251221667Z,,0,0,success
VLBI Diagnostics of Off-axis Jets in Radio Flares of Tidal Disruption Events,2025arXiv251221669M,,0,0,success
A systematic study on the aromatic and aliphatic hydrocarbon emission features of nearby galaxies using AKARI near-IR spectra,2025arXiv251221674K,,0,0,success
Investigating the signs of evolutionary characteristics in the energy spectrum of shock wave acceleration,2025arXiv251221676D,,0,0,success
The Effect of Magnetic Field Dissipation in the Inner Heliosheath: Reconciling Global Heliosphere Model and Voyager Data,2025arXiv251221688K,,0,0,success
A self-consistent 3D MHD model producing a solar blowout jet,2025arXiv251221728C,,0,0,success
Golden and Silver Dark Sirens for precise H0 measurement with HETDEX,2025arXiv251221729D,,0,0,success
The rotation curve of the Milky Way measured by Classical Cepheids from Gaia DR3,2025arXiv251221780F,,0,0,success
Comprehensive study of solar type II radio bursts and the properties of the associated shock waves,2025arXiv251221846B,,1,1,success
Compact Ca II K Brightenings Precede Solar Flares: A Dunn Solar Telescope Pilot Study,2025arXiv251221872K,,0,0,success
Spectral State Switching in Mrk 421: Results from the AstroSat LAXPC/SXT Observations,2025arXiv251221885A,,0,0,success
Implications of Cosmic Birefringence for Multi-Field ALP Dark Matter,2025arXiv251221888S,,0,0,success
Long-term monitoring of repeating FRB 20220912A with the uGMRT at low radio frequencies,2025arXiv251221889K,,0,0,success
A Rare Millisecond Pulsar with Cross-Pole Emission: Single-Pulse Insights from PSR J1857+0943,2025arXiv251221892D,,0,0,success
The First X-ray Polarimetry of GRS 1739--278 Reveals Its Rapidly Spinning Black Hole,2025arXiv251221899Z,,0,0,success
"TITAN DR1: An Improved, Validated, and Systematically-Controlled Recalibration of ATLAS Photometry toward Type Ia Supernova Cosmology",2025arXiv251221903M,,1,0,success
"A large, long-lived, slowly-expanding superbubble across the Perseus Arm",2025arXiv251221927C,,0,0,success
"WST spectroscopic variability alerts: discovery space, data flow system requirements",2025arXiv251221949I,,0,0,success
Superradiant and dynamical spin-down of neutron stars with gravitational wave implications,2025arXiv251221955B,,0,0,success
From emission to absorption: the FAST observation of the OH 18-cm lines from the Comet C2025/A6,2025arXiv251221969J,,0,0,success
Cosmic-Ray-Constrained LSTM Model for Geomagnetic Storm Prediction,2025arXiv251222003G,,0,0,success
Multiband optical variability on diverse timescales of the blazar Ton 599 from 2011 to 2023,2025arXiv251222028V,,0,0,success
Inferring Eccentricity of Binary Black Holes from Spin-Orbit Misalignment,2025arXiv251222044B,,0,0,success
Primordial black holes and smooth coarse-graining in excursion set theory,2025arXiv251222075S,,0,0,success
Searching for Cosmological Collider in the Planck CMB Data II: collider templates and Modal analysis,2025arXiv251222085S,,1,1,success
Radio Supernovae,2025arXiv251222117K,,0,0,success
Quenching pathways in the green valley at low redshift: confronting SDSS AGN hosts with IllustrisTNG and EAGLE,2025arXiv251222268G,,0,0,success
Multi-Messenger Predictions for T Coronae Borealis: Probing Particle Acceleration in Novae,2025arXiv251222338S,,0,0,success
On the origin of sinusoidal brightness variations in F to O-type stars through radial velocities,2025arXiv251222341S,,0,0,success
Water Production of Interstellar Comet 3I/ATLAS from SOHO/SWAN Observations after Perihelion,2025arXiv251222354C,,0,0,success
Clustering Confuses Spectro-photometry: An Investigation of 2D and 3D Forced Profile Matching for Stacking Line-intensity Mapping Data on Source Catalogues,2025arXiv251222356M,,0,0,success
"Interstellar Interloper 3I/ATLAS: Nucleus Size, Photometry in RGB, Af(rho) and Antitail Structure Analysis",2025arXiv251222365S,,0,0,success
Formation of the Moon and Binary Asteroids,2025arXiv251222375G,,0,0,success
Simulations of facular magnetic fields on cool stars I: Main sequence stars with solar metallicity,2025arXiv251222379S,,0,0,success
Space AI: Leveraging Artificial Intelligence for Space to Improve Life on Earth,2025arXiv251222399W,,0,0,success
On the origin and nature of double-double radio galaxies,2025arXiv251222411G,,0,0,success
Chain Reactions in Space: Analyzing the Impact of Satellite Collisions and Debris Accumulation,2025arXiv251222429B,,0,0,success
Starkindler: An Uncertainty Aware Objective for Photometric Redshift Estimation,2025arXiv251222566S,,0,0,success
Evidence for a Stratified Accretion Disk Wind in AGN,2025arXiv251222617M,,0,0,success
Kinematical and Photometric Deconstruction of the UGC 694-IC 412 System: Evidence for a Line-of-Sight Projection,2025arXiv251222661F,,0,0,success
A Generative Reconstruction of Low-$\ell$ CMB B-Mode Signal using Reverse Diffusion in Deep Learning,2025arXiv251222683L,,0,0,success
Lithium abundance and stellar rotation in the Galactic halo and thick disc: Contribution from low-mass giant field stars,2025arXiv251222685D,,0,0,success
Cloud Properties and Star Formation in M31,2025MNRAS.tmp.2155A,"Armijos-Abendaño, J.: School of Physics and Astronomy, Cardiff University, The Parade, Cardiff, CF24 3AA, UK; Observatorio Astronómico de Quito, Observatorio Astronómico Nacional, Escuela Politécnica Nacional, 170403, Quito, Ecuador; Eales, Stephen: School of Physics and Astronomy, Cardiff University, The Parade, Cardiff, CF24 3AA, UK; Smith, M. W. L.: School of Physics and Astronomy, Cardiff University, The Parade, Cardiff, CF24 3AA, UK;",0,0,success
Heavy dark matter in rapidly evolving massive stars,2025arXiv251222727R,,0,0,success
Rotation and stability of the circumnuclear gas disk in the Galactic Center potential by the ALMA CMZ Exploration Survey (ACES),2025arXiv251222751S,,0,0,success
Hierarchical Test of Lorentz Invariance with Gamma-Ray Burst Spectral-Lag Measurements,2025arXiv251222875D,,0,0,success
Primordial black holes within Higgs hybrid metric-Palatini approach,2025arXiv251222924A,,0,0,success
"Impacts of the $^{16}$O($^{16}$O, n)$^{31}$S reaction rate on the evolution and nucleosynthesis in Pop III massive stars",2025arXiv251222963X,,0,0,success
A new path to constrain the expansion history of the Universe in future spectroscopic galaxy surveys,2025arXiv251222964T,,0,0,success
"Pulsed, Polarized X-ray Emission from Neutron Star Surfaces: the Effects of Vacuum Birefringence in the Magnetosphere",2025arXiv251222978D,,0,0,success
An Empirical Law to Reproduce the Galaxy Rotation Curves,2025arXiv251223008K,,0,0,success
"Dark matter direct detection: status, results and future plans",2025arXiv251223039B,,0,0,success
A Linearized Approach to Radial-Velocity Extraction. II: Shot-Noise-Limited Precision via Spectral Factorization,2025arXiv251223040S,,0,0,success
Finding Quasars behind the Galactic Plane. IV. Candidate Selection from Chandra with Random Forest,2025arXiv251223060Z,,0,0,success
Two birds with one stone: simultaneous realization of both Lunar Coordinate Time and lunar geoid time by a single orbital clock,2025arXiv251223098Y,,0,0,success
Why Machine Learning Models Systematically Underestimate Extreme Values II: How to Fix It with LatentNN,2025arXiv251223138T,,0,0,success
The GLASS-JWST Early Release Science Program. V. H$α$ luminosity functions at $z\sim1.3$ and $z\sim2.0$,2025arXiv251223157P,,0,0,success
MAMMOTH-LyC: Investigating the Role of Galaxy Mergers in a Strong Lyman Continuum Leaker at $z=2.39$,2025arXiv251223202W,,0,0,success
Unveiling Multimessenger Emission from Hidden Cores of Microquasars,2025arXiv251223231W,,0,0,success
Interpreting the diversity of afterglow emission from radio-detected tidal disruption events with instantaneous and delayed outflows,2025arXiv251223252S,,0,0,success
SN 2022acko: a low-luminosity SNe IIP with signs of early circumstellar interaction,2025arXiv251223267H,,0,0,success
New Constraints on Cosmic-ray boosted Sub-GeV Dark Matter via Light Mediators,2025arXiv251223282Y,,0,0,success
The Dependence of the Extinction Coefficient on Reddening for Galactic Cepheids,2025arXiv251223311W,,0,0,success
Kilonova and progenitor properties of merger-driven gamma-ray bursts,2025arXiv251223354S,,0,0,success
Predicting the detection yields of giant planets and brown dwarfs with CSST astrometry,2025arXiv251223378X,,0,0,success
SiO emission in the filamentary Infrared Dark Cloud G035.39-00.33: An ALMA view,2025arXiv251223384L,,0,0,success
Revisiting the Reported Period of FRB 20201124A Using MCMC Methods,2025arXiv251223392S,,0,0,success
Possibility of Month-scale Quasi-periodic Oscillations in the Gamma-ray Light Curve of OP 313,2025arXiv251223416M,,0,0,success
Three channel dissipative warm Higgs inflation with global inference via genetic algorithms,2025arXiv251223423C,,0,0,success
Unveiling SN 2022eyw: A Bright Member of the Type Iax Supernova Subclass,2025arXiv251223428D,,0,0,success
On Systematic Errors in Cross-Identification of Binary Stars in Gaia,2025arXiv251223451M,,0,0,success
Detections of Compact Radio Continuum toward Methanol Maser Rings Using the VLA,2025arXiv251223452B,,0,0,success
Observations of the Fermi bubbles and the Galactic center excess with the DArk Matter Particle Explorer,2025arXiv251223458A,,0,0,success
Lossless compression of simulated radio interferometric visibilities,2025arXiv251223490O,,0,0,success
Sidelobe Modification for an Offset Gregorian Reflector System using a Reconfigurable Intelligent Surface-Equipped Subreflector,2025arXiv251223530E,,0,0,success
Not Just Gas: How Solid-Driven Torques Shaped the Migration of the Galilean Moons,2025arXiv251223542G,,0,0,success
Limits on dark matter existence in neutron stars from recent astrophysical observations and mass correlation analysis,2025arXiv251223577H,,0,0,success
The 24 Aqr triple system: A closer look at its unique high-eccentricity hierarchical architecture,2025arXiv251223645A,,0,0,success
"Precise Physical Parameters, Habitability, and Orbital Stability of Sun-like SB2 Systems: HD 130669, HD 184467, HD 191854, and HD 214222",2025arXiv251223652A,,0,0,success
Classification and Characteristics of Double-trigger Gamma-ray Bursts,2025arXiv251223660L,,0,0,success
Galaxy Zoo Evo: 1 million human-annotated images of galaxies,2025arXiv251223691W,,0,0,success
Machine-Learning Classification of Neutron-Star Matter Composition from Macroscopic and Oscillation Observables,2025arXiv251223758H,,0,0,success
Clustering of cosmic string loops within a Milky-way like halo,2025arXiv251223811A,,0,0,success
COBIPLANE: A Systematic Search for Compact Binary Millisecond Pulsars at Low Galactic Latitudes,2025arXiv251223815T,,0,0,success
A secondary orbiter under collisions with an accretion disk,2026ragt.confE...1K,"Karas, Vladimir: Astronomical Institute of the Czech Academy of Sciences, Bocni II 1401, CZ-14100 Prague, Czech Republic; Pavlik, Vaclav: Astronomical Institute of the Czech Academy of Sciences, Bocni II 1401, CZ-14100 Prague, Czech Republic; Sukova, Petra: Astronomical Institute of the Czech Academy of Sciences, Bocni II 1401, CZ-14100 Prague, Czech Republic; Zajacek, Michal: Institute of Theoretical Physics and Astrophysics, Masaryk University, Brno, Czech Republic",0,0,success
A clustering-based search for substructures in the Galactic plane and bulge using RR Lyrae stars as tracers,2025arXiv251223846C,,0,0,success
The ionization structure and chemical history in isolated H ii regions of dwarf galaxies with VIMOS/IFU II. The Leo A galaxy,2025arXiv251223863A,,0,0,success
The Tianlai-WIYN North Celestial Cap Redshift Survey,2025arXiv251223899A,,0,0,success
Variation of the 2175 Å extinction feature in Andromeda galaxy,2025arXiv251223958Y,,0,0,success
Time-Dependent Accretion Disks with Magnetically Driven Winds: Green's Function Solutions,2025arXiv251223999T,,0,0,success
Machine-learning approaches to dispersion measure estimation for fast radio bursts,2025arXiv251224003R,,0,0,success
Atmospheric Mass Flux as a Function of Ionospheric Emission on Unmagnetized Earth,2025arXiv251224004H,,0,0,success
Antarctic TianMu Staring Observation Project I: Overview and Implementation of the Prototype Telescope,2025arXiv251224067Z,,0,0,success
Antarctic TianMu Staring Observation Project II: Data reduction and preliminary results,2025arXiv251224068N,,0,0,success
SSC Radiation in the ICMART Model: Spectral Simulations and Application to the Record-Breaking GRB 221009A,2025arXiv251224085S,,0,0,success
photoD with Rubin's Data Preview 1: first stellar photometric distances and deficit of faint blue stars. Stellar distances with Rubin's DP1,2025arXiv251224109P,,0,0,success
Evolution of Accretion Properties in Mrk 1040 using long-term X-ray Observations,2025arXiv251224141N,,0,0,success
A Seyfert galaxy as a hidden counterpart to a neutrino-associated blazar,2025arXiv251224178K,,0,0,success
Tidally Trapped Two-pole Pulsations Discovered in a Close Binary with a Massive $β$ Cephei Star,2025arXiv251224185L,,0,0,success
Connecting disc-corona physics and ionised outflows in AGN in the 2040s,2025arXiv251224187B,,0,0,success
Abundance Stratification in Type Iax SN 2020rea with TARDIS,2025arXiv251224203K,,0,0,success
H.E.S.S. detection and multi-wavelength study of the $z \sim$ 1 blazar PKS 0346$-$27,2025arXiv251224228H,,0,0,success
Improved lanthanide constraints for the kilonova AT 2017gfo,2025arXiv251224257G,,0,0,success
From Nbody1 to Nbody7: the Growth of Sverres Industry,2025arXiv251224299S,,0,0,success
$S_8-H_0$ tension in a SI-ULDM scenario,2025arXiv251224309L,,0,0,success
The Likelihood of Hosting Undetected Brown Dwarfs in the Solar Vicinity,2025arXiv251224319B,,0,0,success
"Self-Gravitating Scalar Field Configurations, Ultra Light Dark Matter and Galactic Scale Observations",2025arXiv251224350D,,0,0,success
Integrated Sachs-Wolfe maps from the Gower Street $w$CDM simulations,2025arXiv251224369G,,0,0,success
A millimeter methanol maser ring tracing the deceleration of the heat wave powered by the massive protostellar accretion outburst in G358.93-0.03 MM1,2025arXiv251224380H,,0,0,success
A closer look at the young stellar group around Sh 2-295,2025arXiv251224388C,,0,0,success
OmniCosmos: Transferring Particle Physics Knowledge Across the Cosmos,2025arXiv251224422M,,0,0,success
Turbulence-Driven Corrugation of Collisionless Fast-Magnetosonic Shocks,2025arXiv251224425J,,0,0,success
A Convolutional Neural Network for the Recovery of Transfer Functions From Velocity-Resolved Reverberation Mapping Data,2025arXiv251224433L,,0,0,success
Picture an Astronomer: Best Practices for Retaining Talent in Astrophysics,2025arXiv251224465P,,0,0,success
Nine years of UVIT: assessing sensitivity variation,2025arXiv251224475D,,0,0,success
"Understanding Solar Flares and Energetic Events: Open questions, observational requirements, and instrumental needs over the coming decade",2025arXiv251224479D,,0,0,success
3D Radiative MHD Modeling of Particle Beam Heating of the Solar Atmosphere,2025arXiv251224507G,,0,0,success
The Redshifts from 122 Bands: Comparative Redshift Forecast for Low-Resolution Spectra from SPHEREx and 7-Dimensional Sky Survey (7DS),2025arXiv251224537B,,0,0,success
Seafloor Weathering and Stochastic Outgassing Unlikely to Significantly Shorten the Future Lifespan of Earth's Terrestrial Biosphere,2026ApJ...996L..14Z,"Zhu, Livia: Department of Geophysical Sciences, University of Chicago, 5734 S. Ellis Ave. Chicago, IL 60637, USA; Graham, R. J.: Department of Geophysical Sciences, University of Chicago, 5734 S. Ellis Ave. Chicago, IL 60637, USA; Abbot, Dorian S.: Department of Geophysical Sciences, University of Chicago, 5734 S. Ellis Ave. Chicago, IL 60637, USA",0,0,success
Evidence for the transition from thermal to non-thermal emission in the prompt emission of GRB 161117A,2025arXiv251224563C,,0,0,success
Inferring Solar Magnetic fields From the Polarization of the Mg II h and k Lines,2025arXiv251224578L,,0,0,success
Dust destruction in bubbles driven by multiple supernovae explosions,2025arXiv251224670V,,0,0,success
An Effective Theory for Biased Tracers via the Boltzmann-Equation Approach,2025arXiv251224672F,,0,0,success
Destruction of the interstellar dust by a supernova,2025arXiv251224677V,,0,0,success
The role of PSR J0614-3329 in defining the high-density matter at Neutron star cores,2025arXiv251224729S,,0,0,success
Coronal flux tube illuminated by strong shock spot: New Year's Eve solar eruption of 2023-Dec-31,2025arXiv251224749P,,0,0,success
AstroReview: An LLM-driven Multi-Agent Framework for Telescope Proposal Peer Review and Refinement,2025arXiv251224754W,,0,0,success
LUNCH: A Lightweight Unified Deep-Learning Framework for General Transients Classification in High-Energy Time-Domain Astronomy,2025arXiv251224764Z,,0,0,success
TTC: Transformer-based TDE Classifier for the Wide Field Survey Telescope (WFST),2025arXiv251224782Z,,0,0,success
Scalable Stellar Parameter Inference Using Python-based LASP: From CPU Optimization to GPU Acceleration,2026ApJ...996...97L,"Liang, Jun-Chao: CAS Key Laboratory of Optical Astronomy, National Astronomical Observatories, Chinese Academy of Sciences, Beijing 100101, People's Republic of China; School of Astronomy and Space Science, University of Chinese Academy of Sciences, Beijing 100049, People's Republic of China; Li, Yin-Bi: CAS Key Laboratory of Optical Astronomy, National Astronomical Observatories, Chinese Academy of Sciences, Beijing 100101, People's Republic of China; Luo, A.-Li: CAS Key Laboratory of Optical Astronomy, National Astronomical Observatories, Chinese Academy of Sciences, Beijing 100101, People's Republic of China; School of Astronomy and Space Science, University of Chinese Academy of Sciences, Beijing 100049, People's Republic of China; Zuo, Fang: CAS Key Laboratory of Optical Astronomy, National Astronomical Observatories, Chinese Academy of Sciences, Beijing 100101, People's Republic of China; Du, Bing: CAS Key Laboratory of Optical Astronomy, National Astronomical Observatories, Chinese Academy of Sciences, Beijing 100101, People's Republic of China; Li, Shuo: CAS Key Laboratory of Optical Astronomy, National Astronomical Observatories, Chinese Academy of Sciences, Beijing 100101, People's Republic of China; School of Astronomy and Space Science, University of Chinese Academy of Sciences, Beijing 100049, People's Republic of China; Ma, Xiao-Xiao: CAS Key Laboratory of Optical Astronomy, National Astronomical Observatories, Chinese Academy of Sciences, Beijing 100101, People's Republic of China; School of Astronomy and Space Science, University of Chinese Academy of Sciences, Beijing 100049, People's Republic of China; Ma, Shu-Guo: CAS Key Laboratory of Optical Astronomy, National Astronomical Observatories, Chinese Academy of Sciences, Beijing 100101, People's Republic of China; Lu, Hai-Ling: CAS Key Laboratory of Optical Astronomy, National Astronomical Observatories, Chinese Academy of Sciences, Beijing 100101, People's Republic of China; School of Astronomy and Space Science, University of Chinese Academy of Sciences, Beijing 100049, People's Republic of China; Wu, Ke-Fei: CAS Key Laboratory of Optical Astronomy, National Astronomical Observatories, Chinese Academy of Sciences, Beijing 100101, People's Republic of China; Zhong, Zhi-Hua: Center for Spatial Information Science, The University of Tokyo, Tokyo 153-8505, Japan; Hou, Wen: CAS Key Laboratory of Optical Astronomy, National Astronomical Observatories, Chinese Academy of Sciences, Beijing 100101, People's Republic of China; Kong, Xiao: CAS Key Laboratory of Optical Astronomy, National Astronomical Observatories, Chinese Academy of Sciences, Beijing 100101, People's Republic of China; Ye, Shuo: CAS Key Laboratory of Optical Astronomy, National Astronomical Observatories, Chinese Academy of Sciences, Beijing 100101, People's Republic of China; School of Astronomy and Space Science, University of Chinese Academy of Sciences, Beijing 100049, People's Republic of China; Wang, Li-Li: School of Computer and Information, Dezhou University, Dezhou 253023, People's Republic of China; Jones, Hugh R. A.: School of Physics, Astronomy and Mathematics, University of Hertfordshire, UK",0,0,success
Resolving the Origins and Pathways of Ionizing Radiation Escape with UV Integral Field Spectroscopy,2025arXiv251224895C,,0,0,success
Cosmological dynamics and observational constraints of an interacting early scalar field coupled to radiation,2025arXiv251224918A,,0,0,success
Discovery of a galaxy associated with the HI cloud FAST J0139+4328,2025arXiv251224924M,,0,0,success
Searching for Periodicity in FRB 20240114A,2025arXiv251224936K,,1,0,success
Cosmic Himalayas in CROCODILE : Probing the Extreme Quasar Overdensities by Count-in-Cells analysis and Nearest Neighbor Distribution,2025arXiv251224966K,,0,0,success
Multi-Frequency Study of FRB20201124A with the uGMRT,2025arXiv251224978D,,0,0,success
"Distributions of wide binary stars in theory and in Gaia data: III. Orbital momenta, masses, and manifestations of MOND",2025arXiv251225002M,,0,0,success
Towards precision cosmology with Voids x CMB correlations (I): Roman-Agora mock catalogs and pipeline validation,2025arXiv251225040P,,0,0,success
Feeling Blue: Constructing a Robust SALT3 UV Template and Constraining its Redshift Dependency,2025arXiv251225064W,,0,0,success
